filename,No inj/ inj
20101005T132240.npy,Injury
20101117T132240.npy,Injury
20120703T102550.npy,Injury
20120717T103748.npy,No Injury
20120717T105021.npy,Injury
20120809T100115.npy,Injury
20120829T125604.npy,Injury
20121101T095248.npy,Injury
20121122T140316.npy,No Injury
20121213T105755.npy,Injury
20130410T105446.npy,No Injury
20130606T134651.npy,No Injury
20130620T121501.npy,Injury
20130806T105329.npy,Injury
20130904T115007.npy,Injury
20130910T105157.npy,Injury
20130917T114750.npy,No Injury
20130924T105459.npy,Injury
20130924T115413.npy,Injury
20131105T103758.npy,Injury
20131126T104419.npy,Injury
20131127T115511.npy,Injury
20140116T125000.npy,No Injury
20140205T110432.npy,Injury
20110713T114725.npy,Injury
20110929T094056.npy,Injury
20111116T124303.npy,Injury
20120118T113903.npy,Injury
20120327T114407.npy,Injury
20120508T105413.npy,Injury
20110126T125910.npy,Injury
20110609T103144.npy,Injury
20110628T105139.npy,Injury
20140410T152849.npy,No Injury
20140410T153617.npy,No Injury
20140320T120724.npy,Injury
20140617T103150.npy,No Injury
20140325T151745.npy,Injury
20140321T102945.npy,Injury
20140506T165539.npy,Injury
20140325T090726.npy,Injury
20140320T165100.npy,Injury
20140321T164436.npy,Injury
20140319T174655.npy,Injury
20160331T100329.npy,Injury
20140324T102916.npy,Injury
20160205T083943.npy,Injury
20160224T082034.npy,Injury
20140414T094847.npy,No Injury
20140331T103844.npy,Injury
20140402T132349.npy,No Injury
20140523T113613.npy,Injury
20140411T092355.npy,Injury
20140410T160801.npy,No Injury
20160613T124827.npy,Injury
20151008T130905.npy,No Injury
20140513T164936.npy,No Injury
20140408T132129.npy,Injury
20140331T141326.npy,Injury
20140407T102830.npy,Injury
20140424T122129.npy,Injury
20140505T170702.npy,No Injury
20140410T132547.npy,Injury
20140407T121948.npy,Injury
20140408T134950.npy,Injury
20160804T113749.npy,Injury
20140417T172925.npy,Injury
20140502T125436.npy,Injury
20140411T100434.npy,Injury
20140501T122450.npy,Injury
20150327T091444.npy,Injury
20140414T103836.npy,Injury
20150414T142027.npy,Injury
20140428T095137.npy,Injury
20150603T112148.npy,Injury
20140430T102654.npy,Injury
20140415T132354.npy,No Injury
20140422T143448.npy,Injury
20160621T101438.npy,Injury
20150528T112418.npy,Injury
20150528T132552.npy,Injury
20140429T142750.npy,Injury
20150519T153202.npy,Injury
20150520T100309.npy,Injury
20140424T165440.npy,Injury
20150625T111628.npy,No Injury
20150526T162626.npy,Injury
20150615T111100.npy,Injury
20150610T075705.npy,Injury
20150616T091801.npy,Injury
20150610T092125.npy,No Injury
20150529T101931.npy,Injury
20150626T070808.npy,Injury
20140508T151620.npy,No Injury
20150706T084232.npy,Injury
20150526T114627.npy,Injury
20150601T103754.npy,Injury
20150624T060429.npy,Injury
20150601T080909.npy,Injury
20150612T071711.npy,Injury
20140423T150216.npy,Injury
20150608T102006.npy,Injury
20150608T123745.npy,Injury
20150603T092634.npy,Injury
20150615T075854.npy,Injury
20140425T141056.npy,Injury
20150622T091634.npy,Injury
20150626T090156.npy,Injury
20150624T122619.npy,Injury
20150624T082254.npy,Injury
20150702T111854.npy,Injury
20150710T070953.npy,Injury
20150706T112911.npy,Injury
20150702T134211.npy,Injury
20140502T152941.npy,Injury
20150713T113223.npy,Injury
20150714T102217.npy,Injury
20150721T122748.npy,Injury
20150717T094852.npy,Injury
20150715T083242.npy,Injury
20140423T143432.npy,Injury
20150716T081133.npy,Injury
20150805T112728.npy,Injury
20150721T101541.npy,Injury
20150729T112740.npy,Injury
20150731T121928.npy,Injury
20150804T172156.npy,Injury
20150804T144820.npy,Injury
20150807T091758.npy,Injury
20150807T080140.npy,Injury
20150811T133901.npy,No Injury
20150819T103316.npy,Injury
20140502T140340.npy,Injury
20150818T132547.npy,Injury
20150811T160202.npy,Injury
20150824T093306.npy,Injury
20140425T144045.npy,Injury
20150826T082130.npy,No Injury
20150821T120535.npy,Injury
20150825T153659.npy,No Injury
20150820T112021.npy,Injury
20140429T151750.npy,Injury
20140429T123631.npy,Injury
20150828T075554.npy,Injury
20150924T151448.npy,Injury
20140507T161143.npy,Injury
20140505T105216.npy,No Injury
20150831T095333.npy,Injury
20150918T131732.npy,Injury
20150924T174619.npy,Injury
20151005T111747.npy,Injury
20150928T111707.npy,Injury
20151030T070713.npy,Injury
20150924T132325.npy,Injury
20150922T144202.npy,Injury
20140508T171847.npy,Injury
20151015T110523.npy,Injury
20140502T082710.npy,Injury
20151019T114036.npy,Injury
20140507T082128.npy,Injury
20140507T084740.npy,Injury
20151117T144318.npy,Injury
20140507T130001.npy,Injury
20140526T090221.npy,Injury
20140502T094221.npy,Injury
20140508T111604.npy,Injury
20140521T125436.npy,Injury
20140509T125542.npy,Injury
20140520T171938.npy,Injury
20150609T112725.npy,Injury
20140529T142305.npy,No Injury
20140520T142822.npy,Injury
20151022T132621.npy,No Injury
20151022T133626.npy,No Injury
20151210T100713.npy,Injury
20151215T091841.npy,Injury
20140522T111841.npy,Injury
20140523T081906.npy,Injury
20151118T090102.npy,Injury
20151203T091529.npy,Injury
20151120T102345.npy,Injury
20151123T115331.npy,Injury
20151202T102216.npy,Injury
20151211T074844.npy,Injury
20151223T072214.npy,Injury
20151217T101459.npy,Injury
20151214T075414.npy,No Injury
20151222T111449.npy,Injury
20151216T084135.npy,Injury
20160218T173208.npy,Injury
20160112T105530.npy,Injury
20160118T110701.npy,No Injury
20160129T082342.npy,Injury
20140527T132042.npy,Injury
20160212T091055.npy,Injury
20140528T131608.npy,Injury
20160209T151924.npy,Injury
20160209T124451.npy,Injury
20160620T123207.npy,Injury
20160229T101606.npy,Injury
20160216T155824.npy,Injury
20160226T120637.npy,Injury
20160218T124822.npy,Injury
20140617T172249.npy,Injury
20160302T073338.npy,Injury
20160301T104445.npy,Injury
20160309T072116.npy,Injury
20160307T142055.npy,No Injury
20160225T113023.npy,Injury
20160302T110016.npy,Injury
20160303T164616.npy,Injury
20140627T083517.npy,Injury
20160307T170325.npy,No Injury
20160303T105848.npy,Injury
20160318T105251.npy,Injury
20160308T142708.npy,Injury
20160315T144405.npy,Injury
20160309T112336.npy,Injury
20140609T100957.npy,Injury
20160310T095120.npy,Injury
20140609T131824.npy,Injury
20140610T153442.npy,No Injury
20140610T180034.npy,No Injury
20140626T181312.npy,Injury
20140616T083413.npy,Injury
20140610T165940.npy,Injury
20140610T132217.npy,Injury
20160310T122256.npy,Injury
20160310T175247.npy,No Injury
20160317T164826.npy,Injury
20140627T123320.npy,Injury
20160317T092651.npy,Injury
20140619T122217.npy,Injury
20160406T081551.npy,Injury
20140826T182611.npy,Injury
20140611T132739.npy,Injury
20140613T133306.npy,Injury
20160321T094723.npy,Injury
20140613T123421.npy,Injury
20140620T102438.npy,Injury
20140618T090450.npy,No Injury
20140709T181124.npy,Injury
20160219T072129.npy,Injury
20140708T140042.npy,Injury
20141008T143405.npy,Injury
20140708T160318.npy,Injury
20140707T124250.npy,Injury
20140722T160425.npy,Injury
20140711T132738.npy,Injury
20140710T122731.npy,Injury
20140721T141620.npy,Injury
20140711T115919.npy,Injury
20151123T100829.npy,Injury
20140709T132954.npy,Injury
20140711T100822.npy,Injury
20140717T121825.npy,No Injury
20140801T111628.npy,Injury
20140715T173237.npy,No Injury
20140724T180753.npy,Injury
20140725T120803.npy,Injury
20140724T131630.npy,Injury
20140728T145327.npy,Injury
20140730T142527.npy,Injury
20141003T131843.npy,Injury
20140806T143446.npy,Injury
20140808T133934.npy,Injury
20140731T150733.npy,Injury
20140811T103911.npy,Injury
20140811T092128.npy,Injury
20140807T162452.npy,Injury
20140827T083313.npy,Injury
20140827T084243.npy,Injury
20140811T113558.npy,Injury
20140812T132840.npy,Injury
20140826T131327.npy,Injury
20140826T153159.npy,Injury
20140827T105828.npy,Injury
20140820T102603.npy,Injury
20140828T161206.npy,Injury
20140908T102249.npy,Injury
20140829T121033.npy,No Injury
20140829T082004.npy,Injury
20140905T123236.npy,Injury
20140902T123744.npy,Injury
20140903T081950.npy,Injury
20140924T083757.npy,Injury
20140905T090455.npy,Injury
20140922T090859.npy,Injury
20140911T161344.npy,Injury
20140919T092236.npy,Injury
20140911T124433.npy,Injury
20141017T084824.npy,Injury
20141009T143929.npy,Injury
20140930T113802.npy,Injury
20140917T082501.npy,Injury
20141024T122317.npy,Injury
20141020T091721.npy,Injury
20140926T120850.npy,Injury
20141211T152154.npy,No Injury
20140929T121054.npy,Injury
20141104T112255.npy,Injury
20141007T133533.npy,Injury
20141016T130410.npy,Injury
20141015T082806.npy,Injury
20141023T161018.npy,No Injury
20141107T082230.npy,Injury
20141023T131944.npy,No Injury
20141024T082606.npy,Injury
20141030T122215.npy,Injury
20141027T081906.npy,Injury
20141113T113252.npy,No Injury
20151113T071450.npy,No Injury
20141106T153435.npy,No Injury
20141120T153123.npy,No Injury
20141128T111903.npy,Injury
20141112T125732.npy,No Injury
20141121T102855.npy,No Injury
20141119T101159.npy,Injury
20141124T132020.npy,Injury
20141124T132852.npy,Injury
20141124T134421.npy,Injury
20141124T140050.npy,Injury
20141124T140726.npy,Injury
20141203T085921.npy,No Injury
20141127T125330.npy,Injury
20141209T155137.npy,Injury
20141202T162630.npy,Injury
20141210T100847.npy,Injury
20141211T082143.npy,No Injury
20150109T093119.npy,Injury
20150106T141812.npy,Injury
20150109T113242.npy,No Injury
20150107T122719.npy,Injury
20150108T152304.npy,Injury
20150119T121446.npy,Injury
20150105T122324.npy,Injury
20150114T081238.npy,Injury
20150123T122244.npy,Injury
20150115T112404.npy,Injury
20150113T142656.npy,Injury
20150123T102444.npy,Injury
20150121T123243.npy,Injury
20150122T130620.npy,Injury
20150717T071104.npy,Injury
20160106T102414.npy,Injury
20160418T075008.npy,Injury
20150414T112139.npy,Injury
20160315T182043.npy,Injury
20150410T090148.npy,Injury
20150409T123643.npy,Injury
20151019T082249.npy,Injury
20150416T111609.npy,No Injury
20150416T091150.npy,Injury
20150406T172327.npy,Injury
20150326T111335.npy,Injury
20150327T120735.npy,Injury
20150323T124703.npy,Injury
20150415T102613.npy,Injury
20150324T133503.npy,Injury
20150330T121659.npy,Injury
20150408T095819.npy,Injury
20150415T142058.npy,Injury
20150408T110027.npy,Injury
20150413T152937.npy,Injury
20150417T123551.npy,Injury
20150325T121118.npy,No Injury
20150417T175008.npy,Injury
20150421T130126.npy,Injury
20150422T125627.npy,Injury
20150424T140430.npy,Injury
20150423T130549.npy,Injury
20150608T172200.npy,Injury
20150529T152639.npy,Injury
20160105T153029.npy,Injury
20150616T122952.npy,No Injury
20150608T185312.npy,Injury
20150618T170456.npy,Injury
20150626T191613.npy,Injury
20150908T162808.npy,Injury
20150706T172411.npy,Injury
20150708T180246.npy,Injury
20150904T111625.npy,Injury
20150828T101809.npy,Injury
20150909T091820.npy,Injury
20150903T120650.npy,Injury
20150909T123533.npy,No Injury
20150914T071302.npy,No Injury
20150911T123759.npy,Injury
20150910T130050.npy,Injury
20150916T071325.npy,Injury
20151022T163941.npy,Injury
20151001T163320.npy,Injury
20151008T153149.npy,Injury
20151013T175306.npy,Injury
20150930T122429.npy,Injury
20151009T112346.npy,Injury
20151015T145950.npy,Injury
20151102T104806.npy,No Injury
20151030T124911.npy,Injury
20160524T194026.npy,Injury
20160524T194935.npy,Injury
20151109T151743.npy,No Injury
20151123T071013.npy,No Injury
20151117T164016.npy,Injury
20151117T141147.npy,Injury
20151125T083738.npy,Injury
20151123T162047.npy,Injury
20151123T131322.npy,Injury
20160415T083628.npy,Injury
20160422T071609.npy,Injury
20160425T111718.npy,Injury
20151005T082136.npy,Injury
20151027T094517.npy,Injury
20151204T073048.npy,Injury
20160630T093006.npy,No Injury
20151230T155626.npy,Injury
20160118T173819.npy,Injury
20160114T163647.npy,Injury
20160118T153804.npy,Injury
20160118T142324.npy,Injury
20160205T140155.npy,Injury
20160323T074829.npy,Injury
20160331T143607.npy,Injury
20160329T104745.npy,Injury
20160406T095931.npy,No Injury
20160407T172420.npy,Injury
20160412T152735.npy,Injury
20160401T111151.npy,Injury
20160405T152749.npy,Injury
20160407T190128.npy,Injury
20160414T155914.npy,Injury
20160711T074731.npy,Injury
20160419T110046.npy,Injury
20160419T110947.npy,Injury
20160502T100559.npy,Injury
20160511T103159.npy,Injury
20160427T112723.npy,Injury
20160722T071834.npy,Injury
20160808T093047.npy,Injury
20160707T091803.npy,No Injury
20160509T120608.npy,Injury
20160516T100125.npy,Injury
20160519T173056.npy,Injury
20160519T153432.npy,Injury
20160609T162925.npy,Injury
20160524T145340.npy,Injury
20160607T163432.npy,Injury
20160610T082651.npy,Injury
20160607T142131.npy,Injury
20160519T112942.npy,No Injury
20160614T142504.npy,Injury
20160622T111611.npy,No Injury
20160705T143119.npy,Injury
20160705T144122.npy,Injury
20160705T154202.npy,Injury
20160625T094957.npy,Injury
20160705T172906.npy,Injury
20160711T094223.npy,Injury
20160713T112455.npy,Injury
20160707T141914.npy,Injury
20160707T110008.npy,Injury
20160714T103033.npy,Injury
20160712T152506.npy,Injury
20160712T154357.npy,Injury
20160718T112126.npy,Injury
20160816T122433.npy,Injury
20160721T174534.npy,Injury
20160719T150442.npy,Injury
20160728T111809.npy,Injury
20160804T124817.npy,Injury
20160818T142701.npy,Injury
20160815T071824.npy,Injury
20140710T144230.npy,No Injury
20160318T094852.npy,Injury
20160318T101819.npy,Injury
20160401T092414.npy,Injury
20160513T114502.npy,Injury
20160408T094419.npy,Injury
20160506T082521.npy,Injury
20150223T102246.npy,Injury
20150223T121342.npy,Injury
20150223T123233.npy,Injury
20150223T123457.npy,Injury
20150223T125146.npy,Injury
20150223T102344.npy,Injury
20150223T104629.npy,Injury
20150223T104914.npy,Injury
20150223T105049.npy,Injury
20150223T105810.npy,Injury
20150223T103011.npy,Injury
20150223T113656.npy,Injury
20150223T113918.npy,Injury
20150223T123257.npy,Injury
20150223T125040.npy,Injury
20150224T101056.npy,Injury
20150224T104510.npy,Injury
20150224T105810.npy,Injury
20150224T113112.npy,Injury
20150224T121635.npy,Injury
20150225T101054.npy,Injury
20150225T104317.npy,Injury
20150225T112959.npy,Injury
20150225T113330.npy,Injury
20150225T125218.npy,Injury
20150227T112519.npy,Injury
20150227T113029.npy,Injury
20150227T113613.npy,Injury
20150227T114548.npy,Injury
20150227T122855.npy,Injury
20150227T101025.npy,Injury
20150227T101932.npy,Injury
20150227T103329.npy,Injury
20150227T123236.npy,Injury
20150227T123841.npy,Injury
20150227T101238.npy,Injury
20150227T112713.npy,Injury
20150227T114442.npy,Injury
20150227T115434.npy,Injury
20150227T125042.npy,Injury
20150302T104214.npy,Injury
20150302T105710.npy,Injury
20150302T111113.npy,Injury
20150302T115351.npy,Injury
20150302T122228.npy,Injury
20150302T112126.npy,Injury
20150302T114239.npy,Injury
20150302T114638.npy,Injury
20150302T121914.npy,Injury
20150302T125834.npy,Injury
20150302T103059.npy,Injury
20150302T103529.npy,Injury
20150302T103823.npy,Injury
20150302T123525.npy,Injury
20150302T125719.npy,Injury
20150303T101220.npy,Injury
20150303T103235.npy,Injury
20150303T103413.npy,Injury
20150303T113727.npy,Injury
20150303T125747.npy,Injury
20150303T102942.npy,Injury
20150303T103454.npy,Injury
20150303T112527.npy,Injury
20150303T115913.npy,Injury
20150303T123610.npy,Injury
20150303T101030.npy,Injury
20150303T101335.npy,Injury
20150303T102528.npy,Injury
20150303T103040.npy,Injury
20150303T104247.npy,Injury
20150304T105957.npy,Injury
20150304T112229.npy,Injury
20150304T115334.npy,Injury
20150304T121533.npy,Injury
20150304T122757.npy,Injury
20150305T101043.npy,Injury
20150305T101721.npy,Injury
20150305T104017.npy,Injury
20150305T115232.npy,Injury
20150305T123016.npy,Injury
20150306T112153.npy,Injury
20150306T112816.npy,Injury
20150306T113312.npy,Injury
20150306T123841.npy,Injury
20150306T125841.npy,Injury
20150307T102953.npy,Injury
20150307T103740.npy,Injury
20150307T113820.npy,Injury
20150307T114424.npy,Injury
20150307T122214.npy,Injury
20150307T103546.npy,Injury
20150307T105351.npy,Injury
20150307T112120.npy,Injury
20150307T114942.npy,Injury
20150307T122556.npy,Injury
20150307T104956.npy,Injury
20150307T112821.npy,Injury
20150307T114031.npy,Injury
20150307T114452.npy,Injury
20150307T122935.npy,Injury
20150309T101247.npy,Injury
20150309T101514.npy,Injury
20150309T111319.npy,Injury
20150309T112459.npy,Injury
20150309T125032.npy,Injury
20150313T101316.npy,Injury
20150313T102144.npy,Injury
20150313T114546.npy,Injury
20150313T114731.npy,Injury
20150313T122054.npy,Injury
20100112T133843.npy,Injury
20100113T105201.npy,Injury
20100113T143058.npy,Injury
20100114T110507.npy,Injury
20100119T113302.npy,Injury
20100120T100603.npy,Injury
20100121T134222.npy,Injury
20100126T111932.npy,Injury
20100126T134455.npy,Injury
20100128T112525.npy,Injury
20100128T132456.npy,Injury
20100202T111940.npy,Injury
20100203T142442.npy,Injury
20100204T113612.npy,Injury
20100203T153154.npy,No Injury
20100302T130945.npy,Injury
20100309T115620.npy,Injury
20100309T133425.npy,Injury
20100311T113644.npy,Injury
20100316T120358.npy,Injury
20100323T124009.npy,Injury
20100325T100712.npy,Injury
20100325T115434.npy,Injury
20100325T134642.npy,Injury
20100330T103733.npy,Injury
20100331T134836.npy,Injury
20100401T124211.npy,Injury
20100407T132607.npy,Injury
20100407T142656.npy,No Injury
20100408T114952.npy,Injury
20100413T112711.npy,Injury
20100413T131053.npy,Injury
20100414T150414.npy,Injury
20100415T113221.npy,Injury
20100420T125050.npy,Injury
20100428T134048.npy,Injury
20100504T163237.npy,Injury
20100511T124955.npy,Injury
20100512T105756.npy,Injury
20100519T142610.npy,Injury
20100601T125917.npy,Injury
20100601T162620.npy,Injury
20100603T122148.npy,Injury
20100623T103916.npy,Injury
20100706T122658.npy,Injury
20100709T102958.npy,Injury
20100709T163106.npy,Injury
20100720T112600.npy,Injury
20100720T142658.npy,Injury
20100721T144606.npy,Injury
20100803T123638.npy,Injury
20100811T144836.npy,No Injury
20100813T134802.npy,Injury
20100817T122540.npy,Injury
20100824T164805.npy,Injury
20100825T103301.npy,Injury
20111011T161808.npy,Injury
20120703T123327.npy,Injury
20100907T124516.npy,Injury
20100908T103200.npy,Injury
20100909T122109.npy,No Injury
20100915T141550.npy,Injury
20100916T130600.npy,Injury
20100921T124042.npy,Injury
20100922T141634.npy,Injury
20100929T141810.npy,Injury
20101013T102136.npy,Injury
20101026T163032.npy,Injury
20101029T170533.npy,No Injury
20110126T053405.npy,Injury
20110127T013246.npy,Injury
20110201T120834.npy,No Injury
20110202T060120.npy,Injury
20110202T024719.npy,Injury
20110203T120721.npy,Injury
20110208T120837.npy,Injury
20110208T071036.npy,Injury
20110209T135403.npy,Injury
20110209T104505.npy,Injury
20110210T043941.npy,Injury
20110215T092705.npy,Injury
20110222T035409.npy,Injury
20110301T161801.npy,Injury
20110302T140353.npy,Injury
20110303T120402.npy,Injury
20110308T162337.npy,Injury
20110315T121224.npy,Injury
20110317T124242.npy,Injury
20110323T140900.npy,Injury
20110324T121657.npy,Injury
20110329T121446.npy,Injury
20110329T161600.npy,Injury
20110331T120427.npy,Injury
20110331T161351.npy,Injury
20110404T121612.npy,Injury
20110406T140656.npy,Injury
20110407T120812.npy,Injury
20110412T160443.npy,Injury
20110413T141040.npy,Injury
20110418T115212.npy,Injury
20110419T120138.npy,Injury
20110419T164319.npy,Injury
20110427T140547.npy,No Injury
20110503T121608.npy,Injury
20110504T135742.npy,Injury
20110505T115803.npy,Injury
20110510T160336.npy,Injury
20110512T121710.npy,Injury
20110517T162149.npy,Injury
20110524T101219.npy,Injury
20110524T121658.npy,Injury
20110525T120352.npy,Injury
20110525T141002.npy,Injury
20110526T100716.npy,Injury
20110531T120216.npy,No Injury
20110531T161051.npy,Injury
20110601T095930.npy,Injury
20110601T140505.npy,Injury
20110602T115410.npy,Injury
20110608T135051.npy,Injury
20110614T120056.npy,Injury
20110614T160250.npy,Injury
20110615T114931.npy,Injury
20110615T133619.npy,Injury
20110616T100821.npy,Injury
20110616T114739.npy,Injury
20110622T120438.npy,Injury
20110622T135245.npy,Injury
20110628T115430.npy,Injury
20110628T161205.npy,Injury
20110629T140746.npy,Injury
20110630T115553.npy,Injury
20110630T141202.npy,Injury
20110705T121103.npy,Injury
20110705T163155.npy,Injury
20110706T141106.npy,Injury
20110712T121024.npy,Injury
20110713T140438.npy,Injury
20110721T140958.npy,Injury
20110726T120613.npy,Injury
20110727T114706.npy,Injury
20110727T140025.npy,Injury
20110803T100338.npy,Injury
20110803T140551.npy,Injury
20110808T104708.npy,Injury
20110809T162419.npy,Injury
20110810T135605.npy,Injury
20110823T161003.npy,Injury
20110825T120730.npy,Injury
20110831T135958.npy,Injury
20110907T140937.npy,Injury
20110908T115624.npy,Injury
20110913T125909.npy,Injury
20110913T161805.npy,Injury
20110914T140313.npy,Injury
20110915T150109.npy,Injury
20110916T105103.npy,Injury
20110920T162652.npy,Injury
20110921T100443.npy,Injury
20110921T141851.npy,Injury
20110923T120752.npy,Injury
20110928T140135.npy,No Injury
20110929T132032.npy,Injury
20111005T135812.npy,Injury
20111006T130519.npy,Injury
20111012T140221.npy,Injury
20111013T133315.npy,Injury
20111013T151522.npy,Injury
20111019T140906.npy,Injury
20111020T133225.npy,Injury
20111020T150405.npy,Injury
20111021T100701.npy,Injury
20111025T160736.npy,Injury
20111027T152622.npy,Injury
20111028T092506.npy,No Injury
20111101T161543.npy,Injury
20111102T135604.npy,Injury
20111130T155941.npy,Injury
20111109T111049.npy,No Injury
20111115T161737.npy,Injury
20111118T100337.npy,Injury
20111123T135934.npy,Injury
20111124T132808.npy,Injury
20111125T094910.npy,No Injury
20111129T124958.npy,Injury
20111129T160851.npy,Injury
20111130T135514.npy,Injury
20111208T132352.npy,Injury
20111209T095632.npy,Injury
20111213T131036.npy,Injury
20111215T133111.npy,No Injury
20120110T130407.npy,Injury
20120111T141041.npy,Injury
20120112T134313.npy,Injury
20120117T162803.npy,Injury
20120119T152401.npy,Injury
20120125T135750.npy,Injury
20120125T161749.npy,Injury
20120131T162449.npy,Injury
20120201T140906.npy,Injury
20120202T152543.npy,Injury
20120207T125731.npy,Injury
20120207T161729.npy,Injury
20120209T134118.npy,Injury
20120209T152227.npy,Injury
20120214T130750.npy,Injury
20120215T135512.npy,Injury
20120216T133730.npy,Injury
20120222T140239.npy,Injury
20120228T125140.npy,Injury
20120228T161636.npy,Injury
20120229T140249.npy,Injury
20120301T134101.npy,Injury
20120306T131347.npy,Injury
20120307T142457.npy,Injury
20120314T144959.npy,Injury
20120315T133207.npy,No Injury
20120322T133657.npy,Injury
20120327T125906.npy,Injury
20120403T125612.npy,Injury
20120403T161705.npy,No Injury
20120405T154554.npy,Injury
20120410T130851.npy,Injury
20120410T160837.npy,Injury
20120412T132315.npy,No Injury
20120412T151555.npy,Injury
20120417T130227.npy,Injury
20120419T134524.npy,Injury
20120419T153205.npy,Injury
20120424T162921.npy,Injury
20120426T152128.npy,Injury
20120501T162139.npy,Injury
20120503T151112.npy,Injury
20120508T121300.npy,Injury
20120515T121730.npy,No Injury
20120516T160209.npy,Injury
20120517T122105.npy,No Injury
20120523T131548.npy,No Injury
20120524T121710.npy,Injury
20120524T140348.npy,Injury
20120529T101438.npy,Injury
20120530T101842.npy,Injury
20120531T101952.npy,Injury
20120531T155441.npy,Injury
20120605T123432.npy,Injury
20120606T101145.npy,Injury
20120606T121413.npy,Injury
20120607T122411.npy,Injury
20120613T100331.npy,Injury
20120614T102716.npy,Injury
20120619T115552.npy,No Injury
20120620T101120.npy,No Injury
20120621T101728.npy,Injury
20120621T151224.npy,No Injury
20120626T123258.npy,No Injury
20120627T102557.npy,Injury
20120628T121250.npy,No Injury
20120704T102438.npy,Injury
20120705T100952.npy,Injury
20120705T121637.npy,Injury
20120705T135933.npy,Injury
20120719T122431.npy,No Injury
20120724T142911.npy,No Injury
20120731T122100.npy,No Injury
20120801T100450.npy,Injury
20120802T121220.npy,Injury
20120807T102241.npy,Injury
20120807T121158.npy,Injury
20131024T121547.npy,No Injury
20120808T100519.npy,Injury
20120808T120743.npy,Injury
20120809T121851.npy,Injury
20120821T120917.npy,Injury
20120822T101219.npy,Injury
20120828T115340.npy,Injury
20120830T102351.npy,Injury
20120830T120730.npy,Injury
20120905T101928.npy,No Injury
20120905T121611.npy,Injury
20120906T120315.npy,Injury
20120911T123510.npy,Injury
20120912T122218.npy,Injury
20120913T120801.npy,Injury
20120919T141154.npy,Injury
20120920T120448.npy,Injury
20120925T121007.npy,Injury
20121002T121423.npy,Injury
20121003T141622.npy,Injury
20121009T122727.npy,Injury
20121010T140900.npy,Injury
20121017T141819.npy,Injury
20121024T115711.npy,No Injury
20121030T120417.npy,Injury
20121031T135920.npy,Injury
20121101T121553.npy,Injury
20121106T120534.npy,Injury
20121107T141945.npy,No Injury
20121108T121726.npy,Injury
20121114T121824.npy,Injury
20121114T141940.npy,Injury
20121115T123038.npy,Injury
20121128T141239.npy,Injury
20121129T122108.npy,Injury
20121204T100136.npy,Injury
20121204T122054.npy,Injury
20121205T140318.npy,Injury
20121206T115424.npy,Injury
20121211T122019.npy,Injury
20121212T120832.npy,Injury
20121212T135538.npy,Injury
20121213T120614.npy,Injury
20130108T121053.npy,Injury
20130109T101215.npy,Injury
20130109T124550.npy,Injury
20130110T123124.npy,Injury
20130115T122830.npy,Injury
20130116T100941.npy,Injury
20130117T100723.npy,No Injury
20130117T122500.npy,Injury
20130131T121512.npy,Injury
20130206T102614.npy,Injury
20130208T131334.npy,Injury
20130212T102056.npy,No Injury
20130212T121615.npy,Injury
20130213T100703.npy,Injury
20130214T121133.npy,Injury
20130219T123250.npy,Injury
20130227T101208.npy,Injury
20130228T122004.npy,Injury
20130305T122849.npy,Injury
20130306T100909.npy,Injury
20130307T121445.npy,Injury
20130313T100636.npy,Injury
20130327T101922.npy,No Injury
20130403T102257.npy,No Injury
20130404T101951.npy,Injury
20130404T121829.npy,Injury
20130409T123236.npy,No Injury
20130410T101817.npy,Injury
20130416T120045.npy,Injury
20130417T100009.npy,Injury
20130423T122719.npy,Injury
20130424T100337.npy,Injury
20130501T102404.npy,Injury
20130507T101748.npy,Injury
20130507T122909.npy,Injury
20130508T100835.npy,Injury
20130514T122110.npy,Injury
20130515T100146.npy,No Injury
20130516T101137.npy,No Injury
20130516T121812.npy,Injury
20130522T100450.npy,Injury
20130528T121714.npy,Injury
20130529T095812.npy,Injury
20130530T122700.npy,Injury
20130605T095648.npy,Injury
20130605T123420.npy,Injury
20130605T130556.npy,Injury
20130606T111357.npy,Injury
20130611T121923.npy,Injury
20130612T100941.npy,Injury
20130612T121812.npy,Injury
20130619T101217.npy,Injury
20130619T121352.npy,Injury
20130702T121648.npy,Injury
20130703T140412.npy,Injury
20130703T104353.npy,Injury
20130709T141424.npy,No Injury
20130710T100938.npy,Injury
20130710T142116.npy,Injury
20130716T120453.npy,Injury
20130716T135633.npy,Injury
20130717T140336.npy,Injury
20130723T121717.npy,Injury
20130723T141326.npy,Injury
20130724T100547.npy,Injury
20130724T120715.npy,Injury
20130724T141839.npy,Injury
20130730T140252.npy,Injury
20130731T101415.npy,Injury
20130806T120648.npy,Injury
20130806T135833.npy,Injury
20130820T111420.npy,Injury
20130821T101350.npy,Injury
20130821T130214.npy,Injury
20130827T120109.npy,Injury
20130828T132305.npy,Injury
20130911T100907.npy,Injury
20130912T120244.npy,Injury
20130918T100833.npy,Injury
20131001T120943.npy,Injury
20131017T121017.npy,Injury
20131106T100209.npy,Injury
20131107T120055.npy,Injury
20131113T095521.npy,Injury
20131114T114938.npy,No Injury
20131119T120230.npy,Injury
20131203T115047.npy,Injury
20131211T101057.npy,Injury
20131212T120110.npy,No Injury
20131217T121111.npy,Injury
20140109T100556.npy,Injury
20140114T095645.npy,Injury
20140123T121447.npy,Injury
20140129T095816.npy,Injury
20140211T125515.npy,Injury
20140212T121714.npy,Injury
20140213T095332.npy,Injury
20140219T120958.npy,No Injury
20140220T095500.npy,Injury
20140220T120614.npy,Injury
20140227T100115.npy,Injury
20100708T115327.npy,Injury
20110120T125851.npy,Injury
20110204T134750.npy,Injury
20110218T140024.npy,Injury
20110418T111558.npy,Injury
20110428T112229.npy,Injury
20110420T150241.npy,Injury
20110504T151300.npy,Injury
20110513T152349.npy,Injury
20110520T153349.npy,Injury
20110525T154339.npy,Injury
20110603T155329.npy,Injury
20110613T160203.npy,Injury
20110617T161156.npy,Injury
20110617T162318.npy,Injury
20110623T000000.npy,Injury
20110715T000000.npy,Injury
20110720T000000.npy,Injury
20110805T000000.npy,Injury
20110907T000000.npy,Injury
20110909T000000.npy,Injury
20110919T000000.npy,Injury
20111024T154631.npy,Injury
20120417T155427.npy,Injury
20140924T101144.npy,Injury
20140929T102035.npy,No Injury
20141004T131858.npy,Injury
20141004T140053.npy,No Injury
20141004T150904.npy,No Injury
20141004T153651.npy,No Injury
20141013T134957.npy,Injury
20141022T115803.npy,No Injury
20141022T122626.npy,No Injury
20141022T150535.npy,No Injury
20141103T103940.npy,No Injury
20141103T162715.npy,No Injury
20160317T132258.npy,No Injury
20160317T133131.npy,No Injury
20141110T165330.npy,No Injury
20141112T195323.npy,No Injury
20141115T142709.npy,No Injury
20141118T181554.npy,No Injury
20141118T185554.npy,No Injury
20141205T180940.npy,No Injury
20141205T190535.npy,No Injury
20141205T192807.npy,No Injury
20150121T090923.npy,No Injury
20150402T122006.npy,Injury
20150410T165127.npy,No Injury
20150411T122355.npy,No Injury
20150413T130202.npy,No Injury
20150416T180621.npy,No Injury
20150430T141737.npy,No Injury
20150512T070637.npy,No Injury
20150530T134336.npy,Injury
20150608T153054.npy,No Injury
20150609T152003.npy,No Injury
20150609T152508.npy,No Injury
20150611T112033.npy,Injury
20150921T132732.npy,No Injury
20151029T135520.npy,No Injury
20151102T152457.npy,No Injury
20151103T143343.npy,No Injury
20151008T094601.npy,No Injury
20150324T154709.npy,No Injury
20160229T102427.npy,Injury
20160307T104630.npy,Injury
20160307T104430.npy,Injury
20160314T122858.npy,Injury
20160310T123556.npy,Injury
20160317T124459.npy,Injury
20160322T105330.npy,Injury
20160329T121819.npy,Injury
20160324T104017.npy,Injury
20160331T114134.npy,Injury
20160324T114646.npy,Injury
20160331T113446.npy,Injury
20160330T123035.npy,Injury
20160406T101922.npy,Injury
20160405T101635.npy,Injury
20160412T121345.npy,Injury
20160414T123749.npy,Injury
20160421T114145.npy,Injury
20160419T112544.npy,Injury
20160426T111225.npy,Injury
20160422T124126.npy,Injury
20160429T104438.npy,Injury
20160425T105521.npy,Injury
20160502T101632.npy,Injury
20160812T122556.npy,Injury
20160812T111715.npy,Injury
20120522T121758.npy,No Injury
20120524T105624.npy,No Injury
20120528T103155.npy,No Injury
20120605T115027.npy,No Injury
20120605T124837.npy,No Injury
20120628T105640.npy,No Injury
20120629T105939.npy,No Injury
20120703T115439.npy,No Injury
20120704T124114.npy,No Injury
20120704T103757.npy,No Injury
20120706T121758.npy,No Injury
20120706T123450.npy,No Injury
20120706T103155.npy,No Injury
20120709T125516.npy,No Injury
20120709T124114.npy,No Injury
20120710T121758.npy,No Injury
20120710T123450.npy,No Injury
20120711T125516.npy,No Injury
20120712T124114.npy,No Injury
20120712T125516.npy,No Injury
20120712T125426.npy,No Injury
20120713T103757.npy,No Injury
20120713T115124.npy,No Injury
20120713T105012.npy,No Injury
20120716T124952.npy,No Injury
20120716T121617.npy,No Injury
20120717T113655.npy,No Injury
20120718T115628.npy,No Injury
20120718T122757.npy,No Injury
20120720T121842.npy,No Injury
20120720T104243.npy,No Injury
20120720T125030.npy,No Injury
20120723T105258.npy,No Injury
20120723T113156.npy,No Injury
20120724T112231.npy,No Injury
20120724T101730.npy,No Injury
20120725T121344.npy,No Injury
20120726T104016.npy,No Injury
20120727T113555.npy,No Injury
20120727T112730.npy,No Injury
20120727T111113.npy,No Injury
20120801T104753.npy,No Injury
20120802T121849.npy,No Injury
20120802T112422.npy,No Injury
20120803T102446.npy,No Injury
20120806T101348.npy,No Injury
20120809T113547.npy,No Injury
20120809T102334.npy,No Injury
20120821T104617.npy,No Injury
20090527T000000.npy,No Injury
20090617T131821.npy,No Injury
20090623T202557.npy,Injury
20090706T111152.npy,Injury
20090709T124813.npy,No Injury
20090720T194329.npy,Injury
20090831T235549.npy,Injury
20090901T112326.npy,No Injury
20090903T103129.npy,Injury
20090909T201123.npy,No Injury
20090910T202557.npy,No Injury
20090914T123454.npy,No Injury
20090917T214919.npy,No Injury
20090918T173242.npy,No Injury
20090922T184139.npy,Injury
20090928T153921.npy,No Injury
20090929T204723.npy,No Injury
20091001T124813.npy,Injury
20091002T232447.npy,No Injury
20091005T113457.npy,No Injury
20091005T204218.npy,No Injury
20091006T225516.npy,No Injury
20091008T205457.npy,No Injury
20091013T234114.npy,No Injury
20091016T124813.npy,No Injury
20091016T121655.npy,Injury
20091022T151849.npy,Injury
20091023T105256.npy,No Injury
20091026T204747.npy,No Injury
20091026T154218.npy,Injury
20091027T234114.npy,No Injury
20091030T143757.npy,No Injury
20091102T192342.npy,Injury
20091201T122317.npy,Injury
20100130T001332.npy,Injury
20100204T125857.npy,No Injury
20100219T125136.npy,Injury
20100317T115810.npy,Injury
20100323T215053.npy,Injury
20100412T112922.npy,Injury
20100413T222256.npy,No Injury
20100416T223155.npy,Injury
20100423T125338.npy,Injury
20100519T212938.npy,No Injury
20100608T151922.npy,No Injury
20100610T115338.npy,Injury
20100621T111921.npy,Injury
20100629T001758.npy,Injury
20100708T152242.npy,Injury
20100809T194812.npy,Injury
20100813T182735.npy,Injury
20110920T105857.npy,Injury
20111021T115017.npy,Injury
20110117T123155.npy,No Injury
20110203T124211.npy,Injury
20110209T125643.npy,Injury
20110210T124729.npy,Injury
20110211T111845.npy,Injury
20110214T102312.npy,Injury
20110216T105144.npy,Injury
20110222T105711.npy,Injury
20110304T112948.npy,Injury
20110309T121934.npy,Injury
20110328T232447.npy,No Injury
20110406T114245.npy,Injury
20110408T122343.npy,Injury
20110411T111815.npy,Injury
20110413T115727.npy,Injury
20110427T112147.npy,Injury
20110506T103544.npy,Injury
20110511T125737.npy,Injury
20110511T101722.npy,Injury
20110516T122250.npy,Injury
20110525T105627.npy,Injury
20110527T215616.npy,No Injury
20110530T102240.npy,Injury
20110530T122235.npy,Injury
20110601T112751.npy,Injury
20110606T113755.npy,Injury
20110613T104747.npy,Injury
20110621T003450.npy,No Injury
20110629T204732.npy,No Injury
20110713T113813.npy,Injury
20111103T103648.npy,Injury
20120119T122851.npy,Injury
20120404T125517.npy,Injury
20120711T101620.npy,Injury
20120717T093512.npy,Injury
20120802T113946.npy,Injury
20121107T101238.npy,Injury
20131119T094246.npy,Injury
20130405T115201.npy,No Injury
20130405T120217.npy,No Injury
20130405T120734.npy,No Injury
20130405T121413.npy,No Injury
20130405T132934.npy,No Injury
20130405T133552.npy,No Injury
20130405T134134.npy,No Injury
20130405T134548.npy,No Injury
20130405T135400.npy,No Injury
20130405T135841.npy,No Injury
20130405T140547.npy,No Injury
20130405T141125.npy,No Injury
20130408T153032.npy,No Injury
20130410T180523.npy,No Injury
20130412T090512.npy,No Injury
20130422T194836.npy,No Injury
20130424T172536.npy,No Injury
20130426T082536.npy,No Injury
20130503T081921.npy,No Injury
20130508T140527.npy,No Injury
20130513T141144.npy,No Injury
20130515T141731.npy,No Injury
20140604T101137.npy,No Injury
20130517T142448.npy,No Injury
20130529T104848.npy,No Injury
20131018T080742.npy,No Injury
20131209T183928.npy,No Injury
20130531T134905.npy,No Injury
20130603T182448.npy,No Injury
20130603T204932.npy,No Injury
20140116T200752.npy,No Injury
20130605T144236.npy,No Injury
20130610T145145.npy,No Injury
20130703T154317.npy,No Injury
20130703T154932.npy,No Injury
20130703T155446.npy,No Injury
20130703T160016.npy,No Injury
20130704T135711.npy,No Injury
20140123T194318.npy,No Injury
20140407T204431.npy,No Injury
20130704T140229.npy,No Injury
20130704T153020.npy,No Injury
20130705T120654.npy,No Injury
20130705T122344.npy,No Injury
20130708T181629.npy,No Injury
20130731T140334.npy,Injury
20130708T202112.npy,No Injury
20130710T180415.npy,No Injury
20130926T194003.npy,Injury
20130710T192433.npy,No Injury
20130711T114924.npy,No Injury
20130715T180741.npy,No Injury
20130716T180318.npy,No Injury
20130722T175650.npy,No Injury
20130815T121828.npy,No Injury
20140120T201230.npy,No Injury
20130815T120052.npy,No Injury
20130820T151927.npy,No Injury
20130821T145102.npy,No Injury
20130821T145556.npy,No Injury
20130909T154743.npy,No Injury
20131017T200422.npy,No Injury
20131128T180018.npy,No Injury
20130909T195442.npy,No Injury
20140213T202554.npy,No Injury
20130912T133649.npy,No Injury
20130912T134339.npy,No Injury
20140127T120236.npy,No Injury
20130913T140414.npy,No Injury
20130916T153538.npy,No Injury
20130919T182103.npy,No Injury
20130920T194003.npy,No Injury
20130930T194003.npy,No Injury
20141003T114930.npy,No Injury
20131021T195445.npy,No Injury
20131025T085316.npy,No Injury
20131031T204101.npy,No Injury
20131114T211456.npy,No Injury
20131118T193003.npy,No Injury
20131125T201210.npy,No Injury
20140424T114753.npy,Injury
20140127T204514.npy,No Injury
20140417T125955.npy,No Injury
20140404T124857.npy,No Injury
20140411T111543.npy,No Injury
20140425T112621.npy,No Injury
20140428T103257.npy,No Injury
20140428T105643.npy,No Injury
20140425T101716.npy,No Injury
20140512T114142.npy,No Injury
20140520T125452.npy,No Injury
20140606T115631.npy,No Injury
20140505T112413.npy,No Injury
20140512T122045.npy,No Injury
20141110T104729.npy,Injury
20140508T101457.npy,No Injury
20140530T112130.npy,No Injury
20140513T114441.npy,No Injury
20140602T102343.npy,No Injury
20140609T123854.npy,No Injury
20140602T105322.npy,No Injury
20140606T121315.npy,No Injury
20140610T115941.npy,No Injury
20140826T123047.npy,No Injury
20141104T103350.npy,Injury
20121129T000000.npy,No Injury
20121129T111111.npy,No Injury
20121130T000000.npy,No Injury
20121204T000000.npy,No Injury
20121206T000000.npy,No Injury
20121206T111111.npy,No Injury
20121210T000000.npy,No Injury
20121210T111111.npy,No Injury
20121210T222222.npy,No Injury
20121211T000000.npy,No Injury
20121211T111111.npy,No Injury
20121214T000000.npy,No Injury
20130215T100621.npy,No Injury
20130215T103749.npy,No Injury
20120515T161512.npy,No Injury
20120514T135837.npy,No Injury
20120514T141411.npy,No Injury
20120514T142126.npy,No Injury
20120518T094409.npy,No Injury
20120518T095151.npy,No Injury
20120523T093836.npy,No Injury
20120523T120712.npy,No Injury
20120523T121253.npy,No Injury
20120524T093827.npy,No Injury
20120524T131220.npy,No Injury
20120526T094432.npy,No Injury
20120526T094911.npy,No Injury
20120526T095428.npy,No Injury
20120526T100029.npy,No Injury
20120526T100715.npy,No Injury
20120526T101122.npy,No Injury
20120526T101603.npy,No Injury
20120526T102024.npy,No Injury
20120526T102409.npy,No Injury
20120526T102742.npy,No Injury
20120526T103114.npy,No Injury
20120526T103516.npy,No Injury
20120529T121913.npy,No Injury
20120529T122440.npy,No Injury
20120607T144722.npy,No Injury
20120614T110218.npy,No Injury
20120614T110728.npy,No Injury
20120614T111227.npy,No Injury
20170601T103443.npy,Injury
20170601T112817.npy,Injury
20170601T125834.npy,Injury
20170606T101455.npy,Injury
20170606T112919.npy,Injury
20170606T114357.npy,Injury
20170606T103040.npy,Injury
20170606T113913.npy,Injury
20170606T115813.npy,Injury
20170611T102454.npy,Injury
20170611T124522.npy,Injury
20170614T124830.npy,Injury
20170614T105559.npy,Injury
20170614T113919.npy,Injury
20170614T115017.npy,Injury
20170615T103538.npy,Injury
20170615T122123.npy,Injury
20170615T125556.npy,Injury
20170615T111720.npy,Injury
20170615T122113.npy,Injury
20170615T124736.npy,Injury
20170618T104611.npy,Injury
20170618T114126.npy,Injury
20170618T123825.npy,Injury
20170618T104044.npy,Injury
20170618T111419.npy,Injury
20170618T121731.npy,Injury
20170620T101559.npy,Injury
20170620T104558.npy,Injury
20170620T105728.npy,Injury
20170620T103132.npy,Injury
20170620T104846.npy,Injury
20170620T105855.npy,Injury
20170620T121431.npy,Injury
20170620T123817.npy,Injury
20170620T125329.npy,Injury
20170620T103147.npy,Injury
20170620T103940.npy,Injury
20170620T114543.npy,Injury
20170621T105145.npy,Injury
20170621T121731.npy,Injury
20170621T123024.npy,Injury
20170627T112422.npy,Injury
20170627T113047.npy,Injury
20170627T124824.npy,Injury
20170627T114223.npy,Injury
20170627T123455.npy,Injury
20170627T124615.npy,Injury
20170629T103046.npy,Injury
20170629T105238.npy,Injury
20170629T125614.npy,Injury
20140623T151638.npy,No Injury
20140623T151942.npy,No Injury
20140204T123534.npy,Injury
20140624T122928.npy,Injury
20140624T123935.npy,Injury
20140624T124151.npy,Injury
20140624T153457.npy,Injury
20140923T104514.npy,Injury
20140923T110207.npy,Injury
20140923T111701.npy,Injury
20140923T114408.npy,Injury
20140923T120201.npy,Injury
20140331T144934.npy,Injury
20140331T145601.npy,Injury
20140701T133909.npy,Injury
20140701T134357.npy,Injury
20140701T135459.npy,Injury
20140701T135812.npy,Injury
20140701T140547.npy,Injury
20140701T141304.npy,Injury
20140328T072208.npy,Injury
20140328T074138.npy,Injury
20140328T075059.npy,Injury
20140328T075945.npy,Injury
20140328T084140.npy,Injury
20140330T220853.npy,No Injury
20140404T072348.npy,No Injury
20140404T073535.npy,No Injury
20140401T132454.npy,Injury
20140403T153144.npy,Injury
20140403T154259.npy,Injury
20140403T155429.npy,Injury
20140404T081003.npy,Injury
20140404T082431.npy,Injury
20140404T092611.npy,Injury
20140404T093354.npy,Injury
20140404T094637.npy,Injury
20140407T112057.npy,No Injury
20140407T113504.npy,No Injury
20140407T114653.npy,No Injury
20140407T122603.npy,Injury
20140407T123009.npy,Injury
20140408T121412.npy,Injury
20140408T132740.npy,Injury
20140408T133522.npy,Injury
20140408T133750.npy,Injury
20140408T134209.npy,Injury
20140414T142528.npy,Injury
20140414T151859.npy,Injury
20140415T132359.npy,No Injury
20140414T121747.npy,No Injury
20140415T153634.npy,Injury
20140415T155204.npy,Injury
20140417T141711.npy,Injury
20140417T152324.npy,Injury
20140422T122714.npy,Injury
20140422T123929.npy,Injury
20140422T151521.npy,Injury
20140422T152856.npy,Injury
20140424T121901.npy,Injury
20140501T142737.npy,Injury
20140502T073048.npy,Injury
20140502T074159.npy,Injury
20140509T070651.npy,Injury
20140502T081954.npy,Injury
20140502T102703.npy,Injury
20140502T103226.npy,Injury
20140502T104045.npy,Injury
20140505T122503.npy,Injury
20140505T124126.npy,Injury
20141003T072230.npy,Injury
20141003T072930.npy,Injury
20141003T073707.npy,Injury
20141003T073938.npy,Injury
20141014T071919.npy,No Injury
20141014T072157.npy,No Injury
20141014T073401.npy,No Injury
20141014T073609.npy,No Injury
20140505T142419.npy,Injury
20140505T143806.npy,Injury
20140505T144636.npy,Injury
20140508T200055.npy,No Injury
20140501T132008.npy,Injury
20140911T142241.npy,No Injury
20140911T143520.npy,No Injury
20140509T091223.npy,Injury
20140509T091935.npy,Injury
20140515T133244.npy,Injury
20140522T142725.npy,Injury
20140522T143843.npy,Injury
20140522T145219.npy,Injury
20140522T152910.npy,Injury
20140523T072330.npy,No Injury
20140605T122355.npy,No Injury
20140605T122858.npy,No Injury
20140605T123442.npy,No Injury
20140603T195300.npy,Injury
20140605T152341.npy,Injury
20140606T073004.npy,Injury
20140606T073523.npy,Injury
20140606T102721.npy,Injury
20140606T104120.npy,Injury
20140610T142959.npy,Injury
20140610T143453.npy,Injury
20140610T144354.npy,Injury
20140610T145407.npy,Injury
20140612T142825.npy,No Injury
20140612T143358.npy,No Injury
20140613T102419.npy,Injury
20140613T103032.npy,Injury
20140613T103823.npy,Injury
20140613T104928.npy,Injury
20140619T132239.npy,Injury
20140619T133016.npy,Injury
20140619T133807.npy,Injury
20140620T091759.npy,No Injury
20140620T092325.npy,No Injury
20140620T093547.npy,No Injury
20140620T094747.npy,No Injury
20140623T122628.npy,Injury
20140623T142123.npy,Injury
20140623T142944.npy,Injury
20140624T114744.npy,No Injury
20140624T115841.npy,No Injury
20140624T120042.npy,No Injury
20140626T121443.npy,Injury
20140626T122811.npy,Injury
20140626T132728.npy,Injury
20140626T132959.npy,Injury
20140626T142440.npy,No Injury
20140626T142935.npy,No Injury
20140626T143221.npy,No Injury
20140627T074843.npy,Injury
20140627T075505.npy,Injury
20140707T125438.npy,Injury
20140710T140619.npy,No Injury
20140710T141237.npy,No Injury
20140722T104246.npy,No Injury
20140724T141940.npy,Injury
20140724T142710.npy,Injury
20140724T153537.npy,No Injury
20140725T075944.npy,Injury
20140725T081033.npy,Injury
20140725T081932.npy,Injury
20140729T123806.npy,Injury
20140729T124714.npy,Injury
20140729T151714.npy,Injury
20140729T152332.npy,Injury
20140729T153001.npy,Injury
20140729T153246.npy,Injury
20140730T201739.npy,Injury
20140730T203742.npy,Injury
20140801T104622.npy,Injury
20140801T105638.npy,Injury
20140801T111539.npy,Injury
20140801T112506.npy,Injury
20140805T074242.npy,Injury
20140805T075041.npy,Injury
20140805T075749.npy,Injury
20140805T080614.npy,Injury
20140805T081536.npy,Injury
20140807T170339.npy,Injury
20140807T172330.npy,Injury
20140808T073335.npy,Injury
20140808T104102.npy,Injury
20140808T110525.npy,Injury
20140811T140203.npy,Injury
20140811T142154.npy,Injury
20140812T084604.npy,Injury
20140812T091518.npy,Injury
20140814T140903.npy,Injury
20140814T142739.npy,Injury
20140814T150025.npy,Injury
20140814T153258.npy,Injury
20140814T154504.npy,Injury
20140814T155901.npy,Injury
20140814T163743.npy,Injury
20140814T164804.npy,Injury
20140814T165138.npy,Injury
20140815T072552.npy,Injury
20140815T083825.npy,Injury
20140815T084239.npy,Injury
20140815T084439.npy,Injury
20140815T085106.npy,Injury
20140815T085357.npy,Injury
20140815T094847.npy,Injury
20140815T100827.npy,Injury
20140815T101757.npy,Injury
20140818T165459.npy,Injury
20140818T165853.npy,Injury
20140818T170115.npy,Injury
20140818T171159.npy,Injury
20140821T143939.npy,Injury
20140821T144423.npy,Injury
20140821T165901.npy,Injury
20140822T084657.npy,Injury
20140822T090244.npy,Injury
20140822T090447.npy,Injury
20140822T091142.npy,Injury
20140822T092626.npy,Injury
20140822T093624.npy,Injury
20140822T094451.npy,Injury
20140822T102429.npy,Injury
20140825T171638.npy,Injury
20140825T172941.npy,Injury
20140825T173527.npy,Injury
20140826T092928.npy,Injury
20140826T093625.npy,Injury
20140826T094745.npy,Injury
20140826T095251.npy,Injury
20140826T095640.npy,Injury
20140826T100111.npy,Injury
20140828T150205.npy,Injury
20140828T151332.npy,Injury
20140828T152109.npy,Injury
20140828T152645.npy,Injury
20140828T153137.npy,Injury
20140828T153357.npy,Injury
20140901T140017.npy,Injury
20140901T141349.npy,Injury
20140901T182827.npy,Injury
20140901T183350.npy,Injury
20140902T103634.npy,Injury
20140902T105305.npy,Injury
20140902T110459.npy,Injury
20140902T112517.npy,Injury
20140904T140015.npy,Injury
20140904T140511.npy,Injury
20140904T175012.npy,No Injury
20140904T175901.npy,No Injury
20140904T181303.npy,No Injury
20140904T182047.npy,No Injury
20140904T182752.npy,No Injury
20140905T072833.npy,No Injury
20140905T074007.npy,No Injury
20140908T141817.npy,Injury
20140908T142642.npy,Injury
20140908T180457.npy,No Injury
20140908T182238.npy,No Injury
20140908T182557.npy,No Injury
20140908T182840.npy,No Injury
20140909T091343.npy,Injury
20140911T125553.npy,Injury
20140911T131124.npy,Injury
20140911T131948.npy,Injury
20140911T132240.npy,Injury
20140911T133027.npy,Injury
20140911T133327.npy,Injury
20140911T155034.npy,Injury
20140911T155732.npy,Injury
20140912T072519.npy,Injury
20140912T073153.npy,Injury
20140912T073542.npy,Injury
20140919T074103.npy,Injury
20140919T080547.npy,Injury
20140919T114018.npy,No Injury
20140919T114651.npy,No Injury
20140919T141412.npy,No Injury
20140919T142249.npy,No Injury
20140922T163003.npy,Injury
20140922T164152.npy,Injury
20140923T093134.npy,Injury
20140923T094535.npy,Injury
20140923T100222.npy,Injury
20140923T101149.npy,Injury
20140925T145701.npy,Injury
20140925T151049.npy,Injury
20140923T133332.npy,Injury
20140923T133701.npy,Injury
20140925T165721.npy,Injury
20140925T170931.npy,Injury
20140925T171216.npy,Injury
20140925T180953.npy,Injury
20140925T182330.npy,Injury
20140925T182610.npy,Injury
20140925T182709.npy,Injury
20140930T100439.npy,Injury
20141002T140503.npy,Injury
20141002T141725.npy,Injury
20141002T150943.npy,Injury
20141002T165557.npy,Injury
20141002T170743.npy,Injury
20141002T180538.npy,No Injury
20141002T181026.npy,No Injury
20141003T083224.npy,Injury
20141003T084734.npy,Injury
20141003T085220.npy,Injury
20141003T095332.npy,No Injury
20141003T100534.npy,No Injury
20141003T101637.npy,No Injury
20141003T102907.npy,No Injury
20141006T174506.npy,Injury
20141006T175312.npy,Injury
20141006T175453.npy,Injury
20141007T112302.npy,Injury
20141007T114420.npy,Injury
20141007T122140.npy,Injury
20141007T122631.npy,Injury
20141009T145453.npy,Injury
20141010T084829.npy,No Injury
20141010T085442.npy,No Injury
20141010T091006.npy,No Injury
20141013T135104.npy,Injury
20141013T140547.npy,Injury
20141016T135441.npy,No Injury
20141016T140930.npy,No Injury
20141016T181002.npy,Injury
20141016T184402.npy,Injury
20141017T072624.npy,Injury
20141017T073247.npy,Injury
20141020T135011.npy,Injury
20141020T151106.npy,No Injury
20141020T152355.npy,No Injury
20141020T154954.npy,No Injury
20141024T074231.npy,Injury
20141027T135052.npy,Injury
20141027T140057.npy,Injury
20141031T073444.npy,Injury
20141031T073748.npy,Injury
20141031T075147.npy,Injury
20141031T092953.npy,Injury
20141106T181533.npy,Injury
20141106T182124.npy,Injury
20141106T182907.npy,Injury
20141107T102725.npy,Injury
20141111T073313.npy,Injury
20141111T115001.npy,No Injury
20141111T115723.npy,No Injury
20141111T122029.npy,No Injury
20141113T150123.npy,No Injury
20141113T150840.npy,No Injury
20141118T073316.npy,Injury
20141118T073731.npy,Injury
20141118T074645.npy,Injury
20141118T080013.npy,Injury
20141120T174257.npy,No Injury
20141120T175659.npy,No Injury
20141120T175857.npy,No Injury
20141120T175955.npy,No Injury
20141121T113041.npy,Injury
20141121T113439.npy,Injury
20141121T114122.npy,Injury
20141124T162154.npy,Injury
20141124T162441.npy,Injury
20141124T163430.npy,Injury
20141128T074951.npy,Injury
20141128T081542.npy,Injury
20141202T083201.npy,Injury
20141202T083632.npy,Injury
20141202T091903.npy,Injury
20141202T092708.npy,Injury
20141202T093907.npy,Injury
20141204T140329.npy,Injury
20141204T140731.npy,Injury
20141205T074532.npy,Injury
20141205T075628.npy,Injury
20141205T080641.npy,Injury
20141208T180913.npy,Injury
20141208T183257.npy,Injury
20150326T082641.npy,No Injury
20150402T171016.npy,Injury
20150402T171510.npy,Injury
20150408T175440.npy,No Injury
20140814T174215.npy,Injury
20140814T175257.npy,Injury
20140814T180152.npy,Injury
20140814T182504.npy,Injury
20140506T122120.npy,Injury
20140506T123351.npy,Injury
20140506T124405.npy,Injury
20140626T124515.npy,No Injury
20140916T154804.npy,No Injury
20140918T164657.npy,No Injury
20140918T165648.npy,No Injury
20140923T151545.npy,No Injury
20140925T083206.npy,No Injury
20140925T113016.npy,Injury
20140925T120926.npy,No Injury
20141203T150026.npy,No Injury
20141203T160321.npy,No Injury
20150115T152721.npy,Injury
20150122T155921.npy,Injury
20150204T090902.npy,Injury
20150204T092428.npy,Injury
20150204T105329.npy,Injury
20150205T155950.npy,No Injury
20150205T161244.npy,No Injury
20150210T132555.npy,No Injury
20150219T124113.npy,No Injury
20150223T105910.npy,No Injury
20150226T133340.npy,No Injury
20150226T134106.npy,No Injury
20150303T134203.npy,No Injury
20150310T120115.npy,No Injury
20150310T121326.npy,No Injury
20150312T142834.npy,No Injury
20150312T143944.npy,No Injury
20150312T160840.npy,Injury
20150409T155915.npy,Injury
20150413T143152.npy,No Injury
20150414T092041.npy,Injury
