filename,label
20101005T132240.npy,2
20101117T132240.npy,6
20120703T102550.npy,5
20120717T103748.npy,1
20120717T105021.npy,1
20120809T100115.npy,5
20120829T125604.npy,3
20121101T095248.npy,2
20121122T140316.npy,1
20130410T105446.npy,1
20130606T134651.npy,1
20130620T121501.npy,6
20130806T105329.npy,3
20130904T115007.npy,4
20130910T105157.npy,3
20130917T114750.npy,1
20130924T105459.npy,4
20130924T115413.npy,4
20131105T103758.npy,3
20131126T104419.npy,3
20131127T115511.npy,2
20140116T125000.npy,1
20140205T110432.npy,2
20110713T114725.npy,2
20110929T094056.npy,2
20111116T124303.npy,6
20120118T113903.npy,5
20120327T114407.npy,2
20120508T105413.npy,3
20110126T125910.npy,5
20110609T103144.npy,2
20110628T105139.npy,3
20140410T152849.npy,1
20140410T153617.npy,1
20140320T120724.npy,4
20140617T103150.npy,1
20140325T151745.npy,5
20140321T102945.npy,4
20140506T165539.npy,3
20140325T090726.npy,3
20140320T165100.npy,2
20140321T164436.npy,3
20140319T174655.npy,2
20160331T100329.npy,2
20140324T102916.npy,2
20160205T083943.npy,3
20160224T082034.npy,2
20140414T094847.npy,1
20140331T103844.npy,5
20140402T132349.npy,1
20140523T113613.npy,3
20140411T092355.npy,3
20140410T160801.npy,1
20160613T124827.npy,5
20151008T130905.npy,1
20140513T164936.npy,1
20140408T132129.npy,5
20140331T141326.npy,2
20140407T102830.npy,4
20140424T122129.npy,3
20140505T170702.npy,1
20140410T132547.npy,2
20140407T121948.npy,3
20140408T134950.npy,2
20160804T113749.npy,4
20140417T172925.npy,2
20140502T125436.npy,2
20140411T100434.npy,3
20140501T122450.npy,6
20150327T091444.npy,2
20140414T103836.npy,4
20150414T142027.npy,3
20140428T095137.npy,5
20140430T102654.npy,6
20140415T132354.npy,1
20140422T143448.npy,4
20150528T112418.npy,3
20150528T132552.npy,3
20140429T142750.npy,2
20150519T153202.npy,2
20150520T100309.npy,3
20140424T165440.npy,4
20150625T111628.npy,1
20150526T162626.npy,4
20150615T111100.npy,3
20150610T075705.npy,2
20150616T091801.npy,6
20150610T092125.npy,1
20150529T101931.npy,2
20150626T070808.npy,5
20140508T151620.npy,1
20150706T084232.npy,3
20150526T114627.npy,4
20150601T103754.npy,4
20150624T060429.npy,3
20150601T080909.npy,2
20150612T071711.npy,2
20140423T150216.npy,4
20150608T102006.npy,4
20150608T123745.npy,2
20150603T092634.npy,5
20150615T075854.npy,5
20140425T141056.npy,6
20150622T091634.npy,2
20150626T090156.npy,2
20150624T122619.npy,2
20150624T082254.npy,5
20150702T111854.npy,3
20150710T070953.npy,3
20150706T112911.npy,2
20150702T134211.npy,2
20140502T152941.npy,3
20150713T113223.npy,4
20150714T102217.npy,3
20150721T122748.npy,2
20150717T094852.npy,2
20150715T083242.npy,2
20140423T143432.npy,4
20150716T081133.npy,5
20150805T112728.npy,3
20150721T101541.npy,2
20150729T112740.npy,4
20150731T121928.npy,2
20150804T172156.npy,2
20150804T144820.npy,6
20150807T091758.npy,2
20150807T080140.npy,3
20150811T133901.npy,1
20150819T103316.npy,3
20140502T140340.npy,3
20150818T132547.npy,2
20150811T160202.npy,4
20150824T093306.npy,3
20140425T144045.npy,5
20150826T082130.npy,1
20150821T120535.npy,4
20150825T153659.npy,1
20150820T112021.npy,2
20140429T151750.npy,2
20150828T075554.npy,5
20150924T151448.npy,6
20140507T161143.npy,4
20140505T105216.npy,1
20150831T095333.npy,2
20150918T131732.npy,4
20150924T174619.npy,2
20151005T111747.npy,6
20150928T111707.npy,3
20151030T070713.npy,3
20150924T132325.npy,3
20150922T144202.npy,2
20140508T171847.npy,2
20151015T110523.npy,5
20140502T082710.npy,3
20151019T114036.npy,5
20140507T082128.npy,5
20140507T084740.npy,2
20151117T144318.npy,3
20140507T130001.npy,3
20140526T090221.npy,2
20140502T094221.npy,5
20140508T111604.npy,5
20140521T125436.npy,3
20140509T125542.npy,5
20140520T171938.npy,4
20150609T112725.npy,4
20140529T142305.npy,1
20140520T142822.npy,6
20151022T132621.npy,1
20151022T133626.npy,1
20151210T100713.npy,3
20151215T091841.npy,4
20140522T111841.npy,3
20140523T081906.npy,3
20151118T090102.npy,2
20151203T091529.npy,2
20151120T102345.npy,2
20151123T115331.npy,5
20151202T102216.npy,2
20151211T074844.npy,3
20151223T072214.npy,5
20151217T101459.npy,3
20151214T075414.npy,1
20151222T111449.npy,5
20151216T084135.npy,3
20160218T173208.npy,3
20160112T105530.npy,6
20160118T110701.npy,1
20160129T082342.npy,3
20140527T132042.npy,2
20160212T091055.npy,4
20140528T131608.npy,2
20160209T151924.npy,6
20160209T124451.npy,4
20160620T123207.npy,4
20160229T101606.npy,2
20160216T155824.npy,4
20160226T120637.npy,4
20140617T172249.npy,2
20160302T073338.npy,3
20160301T104445.npy,5
20160309T072116.npy,2
20160307T142055.npy,1
20160225T113023.npy,5
20160302T110016.npy,3
20160303T164616.npy,3
20140627T083517.npy,3
20160307T170325.npy,1
20160303T105848.npy,4
20160318T105251.npy,3
20160308T142708.npy,4
20160315T144405.npy,5
20160309T112336.npy,2
20140609T100957.npy,4
20160310T095120.npy,3
20140609T131824.npy,2
20140610T153442.npy,1
20140610T180034.npy,1
20140626T181312.npy,2
20140616T083413.npy,3
20140610T165940.npy,2
20140610T132217.npy,4
20160310T175247.npy,1
20160317T164826.npy,2
20140627T123320.npy,6
20160317T092651.npy,6
20140619T122217.npy,2
20160406T081551.npy,4
20140826T182611.npy,2
20140611T132739.npy,2
20140613T133306.npy,3
20160321T094723.npy,2
20140613T123421.npy,4
20140620T102438.npy,5
20140618T090450.npy,1
20140709T181124.npy,3
20160219T072129.npy,3
20140708T140042.npy,4
20141008T143405.npy,4
20140708T160318.npy,2
20140707T124250.npy,6
20140722T160425.npy,2
20140711T132738.npy,5
20140710T122731.npy,3
20140721T141620.npy,3
20140711T115919.npy,4
20151123T100829.npy,4
20140709T132954.npy,3
20140711T100822.npy,2
20140717T121825.npy,1
20140801T111628.npy,3
20140715T173237.npy,1
20140724T180753.npy,3
20140725T120803.npy,2
20140724T131630.npy,3
20140728T145327.npy,3
20140730T142527.npy,3
20141003T131843.npy,2
20140806T143446.npy,5
20140808T133934.npy,5
20140731T150733.npy,4
20140811T103911.npy,3
20140811T092128.npy,4
20140807T162452.npy,3
20140827T083313.npy,2
20140827T084243.npy,2
20140811T113558.npy,2
20140812T132840.npy,3
20140826T131327.npy,3
20140826T153159.npy,3
20140827T105828.npy,4
20140820T102603.npy,2
20140828T161206.npy,4
20140908T102249.npy,2
20140829T121033.npy,1
20140829T082004.npy,5
20140905T123236.npy,3
20140902T123744.npy,4
20140903T081950.npy,3
20140924T083757.npy,3
20140905T090455.npy,3
20140922T090859.npy,2
20140911T161344.npy,2
20140911T124433.npy,2
20141017T084824.npy,5
20141009T143929.npy,2
20140930T113802.npy,6
20140917T082501.npy,2
20141024T122317.npy,2
20141020T091721.npy,3
20140926T120850.npy,4
20141211T152154.npy,1
20140929T121054.npy,3
20141104T112255.npy,4
20141007T133533.npy,5
20141016T130410.npy,3
20141015T082806.npy,5
20141023T161018.npy,1
20141107T082230.npy,2
20141023T131944.npy,1
20141024T082606.npy,6
20141030T122215.npy,4
20141027T081906.npy,3
20141113T113252.npy,1
20151113T071450.npy,1
20141106T153435.npy,1
20141120T153123.npy,1
20141128T111903.npy,4
20141112T125732.npy,1
20141121T102855.npy,1
20141119T101159.npy,4
20141124T132020.npy,5
20141124T132852.npy,5
20141124T134421.npy,5
20141124T140050.npy,5
20141124T140726.npy,5
20141203T085921.npy,1
20141127T125330.npy,2
20141209T155137.npy,5
20141202T162630.npy,2
20141210T100847.npy,2
20141211T082143.npy,1
20150109T093119.npy,5
20150106T141812.npy,2
20150109T113242.npy,1
20150107T122719.npy,5
20150108T152304.npy,4
20150119T121446.npy,3
20150105T122324.npy,4
20150114T081238.npy,2
20150123T122244.npy,3
20150115T112404.npy,3
20150113T142656.npy,3
20150123T102444.npy,3
20150121T123243.npy,2
20150122T130620.npy,4
20150717T071104.npy,4
20160106T102414.npy,3
20160418T075008.npy,2
20150414T112139.npy,2
20160315T182043.npy,2
20150410T090148.npy,3
20150409T123643.npy,2
20151019T082249.npy,4
20150416T111609.npy,1
20150416T091150.npy,3
20150406T172327.npy,4
20150326T111335.npy,2
20150327T120735.npy,6
20150323T124703.npy,3
20150415T102613.npy,4
20150324T133503.npy,3
20150330T121659.npy,3
20150408T095819.npy,2
20150415T142058.npy,3
20150408T110027.npy,3
20150413T152937.npy,5
20150417T123551.npy,4
20150325T121118.npy,1
20150417T175008.npy,2
20150421T130126.npy,3
20150422T125627.npy,3
20150424T140430.npy,4
20150423T130549.npy,3
20150608T172200.npy,6
20150529T152639.npy,2
20160105T153029.npy,5
20150616T122952.npy,1
20150608T185312.npy,2
20150618T170456.npy,3
20150626T191613.npy,3
20150908T162808.npy,2
20150706T172411.npy,3
20150708T180246.npy,2
20150904T111625.npy,3
20150828T101809.npy,2
20150909T091820.npy,4
20150903T120650.npy,2
20150909T123533.npy,1
20150914T071302.npy,1
20150911T123759.npy,2
20150910T130050.npy,3
20150916T071325.npy,3
20151022T163941.npy,3
20151001T163320.npy,5
20151008T153149.npy,4
20151013T175306.npy,3
20150930T122429.npy,2
20151009T112346.npy,2
20151015T145950.npy,4
20151102T104806.npy,1
20151030T124911.npy,5
20160524T194026.npy,2
20160524T194935.npy,2
20151109T151743.npy,1
20151123T071013.npy,1
20151117T164016.npy,2
20151117T141147.npy,4
20151125T083738.npy,4
20151123T162047.npy,3
20151123T131322.npy,3
20160415T083628.npy,2
20160422T071609.npy,2
20160425T111718.npy,2
20151005T082136.npy,3
20151027T094517.npy,4
20151204T073048.npy,3
20160630T093006.npy,1
20151230T155626.npy,4
20160118T173819.npy,5
20160114T163647.npy,4
20160118T153804.npy,4
20160118T142324.npy,3
20160205T140155.npy,3
20160323T074829.npy,5
20160331T143607.npy,2
20160329T104745.npy,4
20160406T095931.npy,1
20160407T172420.npy,2
20160412T152735.npy,3
20160401T111151.npy,3
20160405T152749.npy,2
20160407T190128.npy,2
20160414T155914.npy,3
20160711T074731.npy,3
20160419T110046.npy,3
20160419T110947.npy,3
20160502T100559.npy,4
20160511T103159.npy,3
20160427T112723.npy,3
20160722T071834.npy,3
20160808T093047.npy,4
20160707T091803.npy,1
20160509T120608.npy,2
20160516T100125.npy,6
20160519T173056.npy,2
20160519T153432.npy,3
20160609T162925.npy,2
20160524T145340.npy,3
20160607T163432.npy,2
20160610T082651.npy,4
20160607T142131.npy,3
20160519T112942.npy,1
20160614T142504.npy,2
20160622T111611.npy,1
20160705T143119.npy,3
20160705T144122.npy,3
20160705T154202.npy,4
20160625T094957.npy,3
20160705T172906.npy,4
20160713T112455.npy,3
20160707T141914.npy,4
20160707T110008.npy,2
20160714T103033.npy,3
20160712T152506.npy,3
20160712T154357.npy,3
20160718T112126.npy,4
20160816T122433.npy,3
20160721T174534.npy,2
20160719T150442.npy,2
20160728T111809.npy,2
20160804T124817.npy,3
20160818T142701.npy,3
20160815T071824.npy,4
20140710T144230.npy,1
20160318T094852.npy,2
20160318T101819.npy,2
20160401T092414.npy,2
20160513T114502.npy,2
20160408T094419.npy,2
20160506T082521.npy,2
20150223T102246.npy,1
20150223T121342.npy,1
20150223T123233.npy,1
20150223T123457.npy,1
20150223T125146.npy,1
20150223T102344.npy,1
20150223T104629.npy,1
20150223T104914.npy,1
20150223T105049.npy,1
20150223T105810.npy,1
20150223T103011.npy,1
20150223T113656.npy,1
20150223T113918.npy,1
20150223T123257.npy,1
20150223T125040.npy,1
20150224T101056.npy,1
20150224T104510.npy,1
20150224T105810.npy,1
20150224T113112.npy,1
20150224T121635.npy,1
20150225T101054.npy,1
20150225T104317.npy,1
20150225T112959.npy,1
20150225T113330.npy,1
20150225T125218.npy,1
20150227T112519.npy,1
20150227T113029.npy,1
20150227T113613.npy,1
20150227T114548.npy,1
20150227T122855.npy,1
20150227T101025.npy,1
20150227T101932.npy,1
20150227T103329.npy,1
20150227T123236.npy,1
20150227T123841.npy,1
20150227T101238.npy,1
20150227T112713.npy,1
20150227T114442.npy,1
20150227T115434.npy,1
20150227T125042.npy,1
20150302T104214.npy,1
20150302T105710.npy,1
20150302T111113.npy,1
20150302T115351.npy,1
20150302T122228.npy,1
20150302T112126.npy,1
20150302T114239.npy,1
20150302T114638.npy,1
20150302T121914.npy,1
20150302T125834.npy,1
20150302T103059.npy,1
20150302T103529.npy,1
20150302T103823.npy,1
20150302T123525.npy,1
20150302T125719.npy,1
20150303T101220.npy,1
20150303T103235.npy,1
20150303T103413.npy,1
20150303T113727.npy,1
20150303T125747.npy,1
20150303T102942.npy,1
20150303T103454.npy,1
20150303T112527.npy,1
20150303T115913.npy,1
20150303T123610.npy,1
20150303T101030.npy,1
20150303T101335.npy,1
20150303T102528.npy,1
20150303T103040.npy,1
20150303T104247.npy,1
20150304T105957.npy,1
20150304T112229.npy,1
20150304T115334.npy,1
20150304T121533.npy,1
20150304T122757.npy,1
20150305T101043.npy,1
20150305T101721.npy,1
20150305T104017.npy,1
20150305T115232.npy,1
20150305T123016.npy,1
20150306T112153.npy,1
20150306T112816.npy,1
20150306T113312.npy,1
20150306T123841.npy,1
20150306T125841.npy,1
20150307T102953.npy,1
20150307T103740.npy,1
20150307T113820.npy,1
20150307T114424.npy,1
20150307T122214.npy,1
20150307T103546.npy,1
20150307T105351.npy,1
20150307T112120.npy,1
20150307T114942.npy,1
20150307T122556.npy,1
20150307T104956.npy,1
20150307T112821.npy,1
20150307T114031.npy,1
20150307T114452.npy,1
20150307T122935.npy,1
20150309T101247.npy,1
20150309T101514.npy,1
20150309T111319.npy,1
20150309T112459.npy,1
20150309T125032.npy,1
20150313T101316.npy,1
20150313T102144.npy,1
20150313T114546.npy,1
20150313T114731.npy,1
20150313T122054.npy,1
20100112T133843.npy,4
20100113T105201.npy,4
20100113T143058.npy,2
20100114T110507.npy,2
20100119T113302.npy,3
20100120T100603.npy,5
20100121T134222.npy,3
20100126T111932.npy,4
20100126T134455.npy,4
20100128T112525.npy,5
20100128T132456.npy,4
20100202T111940.npy,2
20100203T142442.npy,2
20100204T113612.npy,4
20100203T153154.npy,1
20100302T130945.npy,2
20100309T115620.npy,2
20100309T133425.npy,4
20100311T113644.npy,2
20100316T120358.npy,6
20100323T124009.npy,2
20100325T100712.npy,2
20100325T115434.npy,4
20100325T134642.npy,4
20100330T103733.npy,5
20100331T134836.npy,2
20100401T124211.npy,3
20100407T132607.npy,4
20100407T142656.npy,1
20100408T114952.npy,2
20100413T112711.npy,2
20100413T131053.npy,2
20100414T150414.npy,3
20100415T113221.npy,6
20100420T125050.npy,4
20100428T134048.npy,4
20100504T163237.npy,2
20100511T124955.npy,2
20100512T105756.npy,3
20100519T142610.npy,2
20100601T125917.npy,3
20100601T162620.npy,2
20100603T122148.npy,5
20100623T103916.npy,5
20100706T122658.npy,2
20100709T102958.npy,5
20100709T163106.npy,2
20100720T112600.npy,2
20100720T142658.npy,2
20100721T144606.npy,2
20100803T123638.npy,2
20100811T144836.npy,1
20100813T134802.npy,2
20100817T122540.npy,6
20100824T164805.npy,3
20100825T103301.npy,5
20111011T161808.npy,2
20120703T123327.npy,2
20100907T124516.npy,2
20100908T103200.npy,3
20100909T122109.npy,1
20100915T141550.npy,4
20100916T130600.npy,4
20100921T124042.npy,2
20100922T141634.npy,4
20100929T141810.npy,2
20101013T102136.npy,3
20101026T163032.npy,4
20101029T170533.npy,1
20110126T053405.npy,2
20110127T013246.npy,3
20110201T120834.npy,1
20110202T060120.npy,5
20110202T024719.npy,3
20110203T120721.npy,3
20110208T120837.npy,2
20110208T071036.npy,5
20110209T135403.npy,3
20110209T104505.npy,5
20110210T043941.npy,5
20110215T092705.npy,4
20110222T035409.npy,3
20110301T161801.npy,2
20110302T140353.npy,6
20110303T120402.npy,2
20110308T162337.npy,4
20110315T121224.npy,2
20110317T124242.npy,2
20110323T140900.npy,4
20110324T121657.npy,3
20110329T121446.npy,2
20110329T161600.npy,3
20110331T120427.npy,2
20110331T161351.npy,5
20110404T121612.npy,3
20110406T140656.npy,4
20110407T120812.npy,4
20110412T160443.npy,2
20110413T141040.npy,4
20110418T115212.npy,4
20110419T120138.npy,3
20110419T164319.npy,2
20110427T140547.npy,1
20110503T121608.npy,3
20110504T135742.npy,2
20110505T115803.npy,4
20110510T160336.npy,2
20110512T121710.npy,6
20110517T162149.npy,3
20110524T101219.npy,3
20110524T121658.npy,3
20110525T120352.npy,3
20110525T141002.npy,3
20110526T100716.npy,2
20110531T120216.npy,1
20110531T161051.npy,4
20110601T095930.npy,2
20110601T140505.npy,3
20110602T115410.npy,2
20110608T135051.npy,2
20110614T120056.npy,4
20110614T160250.npy,3
20110615T114931.npy,4
20110615T133619.npy,2
20110616T100821.npy,3
20110616T114739.npy,3
20110622T120438.npy,4
20110622T135245.npy,3
20110628T115430.npy,3
20110628T161205.npy,5
20110629T140746.npy,2
20110630T115553.npy,5
20110630T141202.npy,3
20110705T121103.npy,4
20110705T163155.npy,3
20110706T141106.npy,3
20110712T121024.npy,6
20110713T140438.npy,4
20110721T140958.npy,2
20110726T120613.npy,2
20110727T114706.npy,3
20110727T140025.npy,2
20110803T100338.npy,2
20110803T140551.npy,2
20110808T104708.npy,6
20110809T162419.npy,4
20110810T135605.npy,4
20110823T161003.npy,2
20110825T120730.npy,5
20110831T135958.npy,2
20110907T140937.npy,2
20110908T115624.npy,5
20110913T125909.npy,3
20110913T161805.npy,2
20110914T140313.npy,5
20110915T150109.npy,3
20110916T105103.npy,3
20110920T162652.npy,5
20110921T100443.npy,3
20110921T141851.npy,4
20110923T120752.npy,5
20110928T140135.npy,1
20110929T132032.npy,2
20111005T135812.npy,3
20111006T130519.npy,3
20111012T140221.npy,4
20111013T133315.npy,2
20111013T151522.npy,2
20111019T140906.npy,2
20111020T133225.npy,5
20111020T150405.npy,3
20111021T100701.npy,2
20111025T160736.npy,3
20111027T152622.npy,4
20111028T092506.npy,1
20111101T161543.npy,2
20111102T135604.npy,2
20111130T155941.npy,5
20111109T111049.npy,1
20111115T161737.npy,5
20111118T100337.npy,5
20111123T135934.npy,6
20111124T132808.npy,3
20111125T094910.npy,1
20111129T124958.npy,3
20111130T135514.npy,2
20111208T132352.npy,2
20111209T095632.npy,5
20111213T131036.npy,2
20111215T133111.npy,1
20120110T130407.npy,2
20120111T141041.npy,6
20120112T134313.npy,6
20120117T162803.npy,3
20120119T152401.npy,2
20120125T135750.npy,4
20120125T161749.npy,6
20120131T162449.npy,2
20120201T140906.npy,4
20120202T152543.npy,2
20120207T125731.npy,3
20120207T161729.npy,2
20120209T134118.npy,3
20120209T152227.npy,4
20120214T130750.npy,3
20120215T135512.npy,2
20120216T133730.npy,2
20120222T140239.npy,2
20120228T125140.npy,2
20120228T161636.npy,3
20120229T140249.npy,2
20120301T134101.npy,2
20120306T131347.npy,6
20120307T142457.npy,6
20120315T133207.npy,1
20120322T133657.npy,4
20120327T125906.npy,2
20120403T125612.npy,2
20120403T161705.npy,1
20120405T154554.npy,4
20120410T130851.npy,5
20120410T160837.npy,6
20120412T132315.npy,1
20120417T130227.npy,2
20120419T134524.npy,5
20120419T153205.npy,4
20120424T162921.npy,2
20120426T152128.npy,4
20120501T162139.npy,4
20120503T151112.npy,2
20120508T121300.npy,3
20120515T121730.npy,1
20120516T160209.npy,3
20120517T122105.npy,1
20120523T131548.npy,1
20120524T121710.npy,6
20120524T140348.npy,2
20120529T101438.npy,2
20120530T101842.npy,3
20120531T101952.npy,5
20120531T155441.npy,4
20120605T123432.npy,2
20120606T101145.npy,4
20120606T121413.npy,2
20120607T122411.npy,3
20120613T100331.npy,3
20120614T102716.npy,4
20120619T115552.npy,1
20120620T101120.npy,1
20120621T101728.npy,4
20120621T151224.npy,1
20120626T123258.npy,1
20120627T102557.npy,4
20120628T121250.npy,1
20120704T102438.npy,4
20120705T100952.npy,3
20120705T121637.npy,4
20120705T135933.npy,5
20120719T122431.npy,1
20120724T142911.npy,1
20120731T122100.npy,1
20120801T100450.npy,3
20120802T121220.npy,3
20120807T102241.npy,4
20120807T121158.npy,3
20131024T121547.npy,1
20120808T100519.npy,4
20120808T120743.npy,2
20120809T121851.npy,2
20120821T120917.npy,3
20120822T101219.npy,3
20120828T115340.npy,3
20120830T102351.npy,5
20120830T120730.npy,3
20120905T101928.npy,1
20120905T121611.npy,4
20120906T120315.npy,5
20120911T123510.npy,4
20120912T122218.npy,2
20120913T120801.npy,2
20120919T141154.npy,3
20120920T120448.npy,4
20120925T121007.npy,4
20121003T141622.npy,3
20121009T122727.npy,2
20121010T140900.npy,2
20121017T141819.npy,2
20121024T115711.npy,1
20121030T120417.npy,5
20121031T135920.npy,2
20121101T121553.npy,4
20121106T120534.npy,4
20121107T141945.npy,1
20121108T121726.npy,4
20121114T121824.npy,2
20121114T141940.npy,3
20121115T123038.npy,3
20121128T141239.npy,6
20121204T100136.npy,2
20121204T122054.npy,2
20121205T140318.npy,2
20121211T122019.npy,4
20121212T120832.npy,3
20121212T135538.npy,4
20121213T120614.npy,6
20130108T121053.npy,3
20130109T101215.npy,6
20130109T124550.npy,2
20130110T123124.npy,2
20130115T122830.npy,4
20130116T100941.npy,4
20130117T100723.npy,1
20130117T122500.npy,3
20130131T121512.npy,3
20130206T102614.npy,6
20130208T131334.npy,6
20130212T102056.npy,1
20130212T121615.npy,2
20130213T100703.npy,2
20130214T121133.npy,2
20130219T123250.npy,3
20130227T101208.npy,6
20130228T122004.npy,5
20130305T122849.npy,5
20130306T100909.npy,4
20130307T121445.npy,3
20130313T100636.npy,5
20130327T101922.npy,1
20130403T102257.npy,1
20130404T121829.npy,2
20130409T123236.npy,1
20130410T101817.npy,4
20130416T120045.npy,2
20130417T100009.npy,2
20130423T122719.npy,4
20130424T100337.npy,2
20130501T102404.npy,2
20130507T101748.npy,3
20130507T122909.npy,2
20130508T100835.npy,3
20130514T122110.npy,5
20130515T100146.npy,1
20130516T101137.npy,1
20130516T121812.npy,5
20130522T100450.npy,2
20130528T121714.npy,4
20130529T095812.npy,6
20130530T122700.npy,4
20130605T095648.npy,5
20130605T123420.npy,6
20130605T130556.npy,2
20130606T111357.npy,2
20130611T121923.npy,3
20130612T100941.npy,2
20130612T121812.npy,3
20130619T101217.npy,2
20130619T121352.npy,4
20130702T121648.npy,4
20130703T140412.npy,4
20130703T104353.npy,3
20130709T141424.npy,1
20130710T100938.npy,3
20130710T142116.npy,2
20130716T120453.npy,5
20130716T135633.npy,4
20130717T140336.npy,5
20130723T121717.npy,4
20130723T141326.npy,5
20130724T100547.npy,3
20130724T120715.npy,6
20130724T141839.npy,5
20130730T140252.npy,2
20130731T101415.npy,4
20130806T120648.npy,5
20130806T135833.npy,2
20130820T111420.npy,3
20130821T101350.npy,5
20130821T130214.npy,2
20130827T120109.npy,5
20130828T132305.npy,2
20130911T100907.npy,4
20130912T120244.npy,3
20130918T100833.npy,3
20131001T120943.npy,2
20131017T121017.npy,2
20131106T100209.npy,3
20131107T120055.npy,3
20131113T095521.npy,6
20131114T114938.npy,1
20131119T120230.npy,5
20131203T115047.npy,4
20131211T101057.npy,2
20131212T120110.npy,1
20131217T121111.npy,4
20140109T100556.npy,3
20140114T095645.npy,4
20140123T121447.npy,3
20140129T095816.npy,3
20140211T125515.npy,4
20140212T121714.npy,3
20140213T095332.npy,3
20140219T120958.npy,1
20140220T095500.npy,2
20140227T100115.npy,3
20100708T115327.npy,3
20110120T125851.npy,3
20110204T134750.npy,3
20110218T140024.npy,3
20110418T111558.npy,3
20110428T112229.npy,3
20110420T150241.npy,3
20110504T151300.npy,3
20110513T152349.npy,3
20110520T153349.npy,3
20110525T154339.npy,3
20110603T155329.npy,3
20110613T160203.npy,3
20110617T161156.npy,3
20110617T162318.npy,3
20110623T000000.npy,3
20110715T000000.npy,3
20110720T000000.npy,3
20110805T000000.npy,3
20110907T000000.npy,3
20110909T000000.npy,3
20110919T000000.npy,3
20111024T154631.npy,3
20120417T155427.npy,3
20140924T101144.npy,2
20140929T102035.npy,1
20141004T131858.npy,2
20141004T140053.npy,1
20141004T150904.npy,1
20141004T153651.npy,1
20141013T134957.npy,5
20141022T115803.npy,1
20141022T122626.npy,1
20141022T150535.npy,1
20141103T103940.npy,1
20141103T162715.npy,1
20160317T132258.npy,1
20160317T133131.npy,1
20141110T165330.npy,1
20141112T195323.npy,1
20141115T142709.npy,1
20141118T181554.npy,1
20141118T185554.npy,1
20141205T180940.npy,1
20141205T190535.npy,1
20141205T192807.npy,1
20150121T090923.npy,1
20150402T122006.npy,2
20150410T165127.npy,1
20150411T122355.npy,1
20150413T130202.npy,1
20150416T180621.npy,1
20150430T141737.npy,1
20150512T070637.npy,1
20150530T134336.npy,5
20150608T153054.npy,1
20150609T152003.npy,1
20150609T152508.npy,1
20150611T112033.npy,4
20150921T132732.npy,1
20151029T135520.npy,1
20151102T152457.npy,1
20151103T143343.npy,1
20151008T094601.npy,1
20150324T154709.npy,1
20160229T102427.npy,1
20160307T104630.npy,1
20160307T104430.npy,1
20160314T122858.npy,1
20160310T123556.npy,1
20160317T124459.npy,1
20160322T105330.npy,1
20160329T121819.npy,1
20160324T104017.npy,1
20160331T114134.npy,1
20160324T114646.npy,1
20160331T113446.npy,1
20160330T123035.npy,1
20160406T101922.npy,1
20160405T101635.npy,1
20160412T121345.npy,1
20160414T123749.npy,1
20160421T114145.npy,1
20160419T112544.npy,1
20160426T111225.npy,1
20160422T124126.npy,1
20160429T104438.npy,1
20160425T105521.npy,1
20160502T101632.npy,1
20160812T122556.npy,1
20160812T111715.npy,1
20120522T121758.npy,1
20120524T105624.npy,1
20120528T103155.npy,1
20120605T115027.npy,1
20120605T124837.npy,1
20120628T105640.npy,1
20120629T105939.npy,1
20120703T115439.npy,1
20120704T124114.npy,1
20120704T103757.npy,1
20120706T121758.npy,1
20120706T123450.npy,1
20120706T103155.npy,1
20120709T125516.npy,1
20120709T124114.npy,1
20120710T121758.npy,1
20120710T123450.npy,1
20120711T125516.npy,1
20120712T124114.npy,1
20120712T125516.npy,1
20120712T125426.npy,1
20120713T103757.npy,1
20120713T115124.npy,1
20120713T105012.npy,1
20120716T124952.npy,1
20120716T121617.npy,1
20120717T113655.npy,1
20120718T115628.npy,1
20120718T122757.npy,1
20120720T121842.npy,1
20120720T104243.npy,1
20120720T125030.npy,1
20120723T105258.npy,1
20120723T113156.npy,1
20120724T112231.npy,1
20120724T101730.npy,1
20120725T121344.npy,1
20120726T104016.npy,1
20120727T113555.npy,1
20120727T112730.npy,1
20120727T111113.npy,1
20120801T104753.npy,1
20120802T121849.npy,1
20120802T112422.npy,1
20120803T102446.npy,1
20120806T101348.npy,1
20120809T113547.npy,1
20120809T102334.npy,1
20120821T104617.npy,1
20090527T000000.npy,1
20090617T131821.npy,1
20090623T202557.npy,2
20090706T111152.npy,2
20090709T124813.npy,1
20090720T194329.npy,2
20090831T235549.npy,2
20090901T112326.npy,1
20090903T103129.npy,2
20090909T201123.npy,1
20090910T202557.npy,1
20090914T123454.npy,1
20090917T214919.npy,1
20090918T173242.npy,1
20090922T184139.npy,2
20090928T153921.npy,1
20090929T204723.npy,1
20091001T124813.npy,2
20091002T232447.npy,1
20091005T113457.npy,1
20091005T204218.npy,1
20091006T225516.npy,1
20091008T205457.npy,1
20091013T234114.npy,1
20091016T124813.npy,1
20091016T121655.npy,2
20091022T151849.npy,2
20091023T105256.npy,1
20091026T204747.npy,1
20091026T154218.npy,2
20091027T234114.npy,1
20091030T143757.npy,1
20091102T192342.npy,2
20091201T122317.npy,2
20100130T001332.npy,2
20100204T125857.npy,1
20100219T125136.npy,2
20100317T115810.npy,2
20100323T215053.npy,2
20100412T112922.npy,2
20100413T222256.npy,1
20100416T223155.npy,2
20100423T125338.npy,2
20100519T212938.npy,1
20100608T151922.npy,1
20100610T115338.npy,2
20100621T111921.npy,2
20100629T001758.npy,2
20100708T152242.npy,2
20100809T194812.npy,2
20100813T182735.npy,2
20110920T105857.npy,2
20111021T115017.npy,2
20110117T123155.npy,1
20110203T124211.npy,2
20110209T125643.npy,2
20110210T124729.npy,2
20110211T111845.npy,2
20110214T102312.npy,2
20110216T105144.npy,2
20110222T105711.npy,2
20110304T112948.npy,2
20110309T121934.npy,2
20110328T232447.npy,1
20110406T114245.npy,2
20110408T122343.npy,2
20110411T111815.npy,2
20110413T115727.npy,2
20110427T112147.npy,2
20110506T103544.npy,2
20110511T125737.npy,2
20110511T101722.npy,2
20110516T122250.npy,2
20110525T105627.npy,2
20110527T215616.npy,1
20110530T102240.npy,2
20110530T122235.npy,2
20110601T112751.npy,2
20110606T113755.npy,2
20110613T104747.npy,2
20110621T003450.npy,1
20110629T204732.npy,1
20110713T113813.npy,2
20111103T103648.npy,2
20120119T122851.npy,2
20120404T125517.npy,2
20120711T101620.npy,2
20120717T093512.npy,2
20120802T113946.npy,2
20121107T101238.npy,2
20131119T094246.npy,3
20130405T115201.npy,1
20130405T120217.npy,1
20130405T120734.npy,1
20130405T121413.npy,1
20130405T132934.npy,1
20130405T133552.npy,1
20130405T134134.npy,1
20130405T134548.npy,1
20130405T135400.npy,1
20130405T135841.npy,1
20130405T140547.npy,1
20130405T141125.npy,1
20130408T153032.npy,1
20130410T180523.npy,1
20130412T090512.npy,1
20130422T194836.npy,1
20130424T172536.npy,1
20130426T082536.npy,1
20130503T081921.npy,1
20130508T140527.npy,1
20130513T141144.npy,1
20130515T141731.npy,1
20140604T101137.npy,1
20130517T142448.npy,1
20130529T104848.npy,1
20131018T080742.npy,1
20131209T183928.npy,1
20130531T134905.npy,1
20130603T182448.npy,1
20130603T204932.npy,1
20140116T200752.npy,1
20130605T144236.npy,1
20130610T145145.npy,1
20130703T154317.npy,1
20130703T154932.npy,1
20130703T155446.npy,1
20130703T160016.npy,1
20130704T135711.npy,1
20140123T194318.npy,1
20140407T204431.npy,1
20130704T140229.npy,1
20130704T153020.npy,1
20130705T120654.npy,1
20130705T122344.npy,1
20130708T181629.npy,1
20130731T140334.npy,6
20130708T202112.npy,1
20130710T180415.npy,1
20130926T194003.npy,2
20130710T192433.npy,1
20130711T114924.npy,1
20130715T180741.npy,1
20130716T180318.npy,1
20130722T175650.npy,1
20130815T121828.npy,1
20140120T201230.npy,1
20130815T120052.npy,1
20130820T151927.npy,1
20130821T145102.npy,1
20130821T145556.npy,1
20130909T154743.npy,1
20131017T200422.npy,1
20131128T180018.npy,1
20130909T195442.npy,1
20140213T202554.npy,1
20130912T133649.npy,1
20130912T134339.npy,1
20140127T120236.npy,1
20130913T140414.npy,1
20130916T153538.npy,1
20130919T182103.npy,1
20130920T194003.npy,1
20130930T194003.npy,1
20141003T114930.npy,1
20131021T195445.npy,1
20131025T085316.npy,1
20131031T204101.npy,1
20131114T211456.npy,1
20131118T193003.npy,1
20131125T201210.npy,1
20140424T114753.npy,4
20140127T204514.npy,1
20140417T125955.npy,1
20140404T124857.npy,1
20140411T111543.npy,1
20140425T112621.npy,1
20140428T103257.npy,1
20140428T105643.npy,1
20140425T101716.npy,1
20140512T114142.npy,1
20140520T125452.npy,1
20140606T115631.npy,1
20140505T112413.npy,1
20140512T122045.npy,1
20140508T101457.npy,1
20140530T112130.npy,1
20140513T114441.npy,1
20140602T102343.npy,1
20140609T123854.npy,1
20140602T105322.npy,1
20140606T121315.npy,1
20140610T115941.npy,1
20140826T123047.npy,1
20141104T103350.npy,1
20121129T000000.npy,1
20121129T111111.npy,1
20121130T000000.npy,1
20121204T000000.npy,1
20121206T000000.npy,1
20121206T111111.npy,1
20121210T000000.npy,1
20121210T111111.npy,1
20121210T222222.npy,1
20121211T000000.npy,1
20121211T111111.npy,1
20121214T000000.npy,1
20130215T100621.npy,1
20130215T103749.npy,1
20120515T161512.npy,1
20120514T135837.npy,1
20120514T141411.npy,1
20120514T142126.npy,1
20120518T094409.npy,1
20120518T095151.npy,1
20120523T093836.npy,1
20120523T120712.npy,1
20120523T121253.npy,1
20120524T093827.npy,1
20120524T131220.npy,1
20120526T094432.npy,1
20120526T094911.npy,1
20120526T095428.npy,1
20120526T100029.npy,1
20120526T100715.npy,1
20120526T101122.npy,1
20120526T101603.npy,1
20120526T102024.npy,1
20120526T102409.npy,1
20120526T102742.npy,1
20120526T103114.npy,1
20120526T103516.npy,1
20120529T121913.npy,1
20120529T122440.npy,1
20120607T144722.npy,1
20120614T110218.npy,1
20120614T110728.npy,1
20120614T111227.npy,1
20170601T103443.npy,1
20170601T112817.npy,1
20170601T125834.npy,1
20170606T101455.npy,1
20170606T112919.npy,1
20170606T114357.npy,1
20170606T103040.npy,1
20170606T113913.npy,1
20170606T115813.npy,1
20170611T102454.npy,1
20170611T124522.npy,1
20170614T124830.npy,1
20170614T105559.npy,1
20170614T113919.npy,1
20170614T115017.npy,1
20170615T103538.npy,1
20170615T122123.npy,1
20170615T125556.npy,1
20170615T111720.npy,1
20170615T122113.npy,1
20170615T124736.npy,1
20170618T104611.npy,1
20170618T114126.npy,1
20170618T123825.npy,1
20170618T104044.npy,1
20170618T111419.npy,1
20170618T121731.npy,1
20170620T101559.npy,1
20170620T104558.npy,1
20170620T105728.npy,1
20170620T103132.npy,1
20170620T104846.npy,1
20170620T105855.npy,1
20170620T121431.npy,1
20170620T123817.npy,1
20170620T125329.npy,1
20170620T103147.npy,1
20170620T103940.npy,1
20170620T114543.npy,1
20170621T105145.npy,1
20170621T121731.npy,1
20170621T123024.npy,1
20170627T112422.npy,1
20170627T113047.npy,1
20170627T124824.npy,1
20170627T114223.npy,1
20170627T123455.npy,1
20170627T124615.npy,1
20170629T103046.npy,1
20170629T105238.npy,1
20170629T125614.npy,1
20140623T151638.npy,1
20140623T151942.npy,1
20140204T123534.npy,3
20140624T122928.npy,5
20140624T123935.npy,5
20140624T124151.npy,5
20140624T153457.npy,4
20140923T104514.npy,3
20140923T110207.npy,3
20140923T111701.npy,3
20140923T114408.npy,3
20140923T120201.npy,3
20140331T144934.npy,4
20140331T145601.npy,4
20140701T133909.npy,4
20140701T134357.npy,4
20140701T135459.npy,4
20140701T135812.npy,4
20140701T140547.npy,4
20140701T141304.npy,4
20140328T072208.npy,3
20140328T074138.npy,3
20140328T075059.npy,3
20140328T075945.npy,3
20140328T084140.npy,3
20140330T220853.npy,1
20140404T072348.npy,1
20140404T073535.npy,1
20140401T132454.npy,4
20140403T153144.npy,5
20140403T154259.npy,5
20140403T155429.npy,5
20140404T081003.npy,4
20140404T082431.npy,4
20140404T092611.npy,4
20140404T093354.npy,4
20140404T094637.npy,4
20140407T112057.npy,1
20140407T113504.npy,1
20140407T114653.npy,1
20140407T122603.npy,2
20140407T123009.npy,2
20140408T121412.npy,5
20140408T132740.npy,5
20140408T133522.npy,5
20140408T133750.npy,5
20140408T134209.npy,5
20140414T142528.npy,4
20140414T151859.npy,3
20140415T132359.npy,1
20140414T121747.npy,1
20140415T153634.npy,5
20140415T155204.npy,5
20140417T141711.npy,3
20140417T152324.npy,3
20140422T122714.npy,6
20140422T123929.npy,6
20140422T151521.npy,3
20140422T152856.npy,3
20140424T121901.npy,3
20140501T142737.npy,4
20140502T073048.npy,4
20140502T074159.npy,4
20140509T070651.npy,4
20140502T081954.npy,4
20140502T102703.npy,6
20140502T103226.npy,6
20140502T104045.npy,6
20140505T122503.npy,3
20140505T124126.npy,3
20141003T072230.npy,3
20141003T072930.npy,3
20141003T073707.npy,3
20141003T073938.npy,3
20141014T071919.npy,1
20141014T072157.npy,1
20141014T073401.npy,1
20141014T073609.npy,1
20140505T142419.npy,4
20140505T143806.npy,4
20140505T144636.npy,4
20140508T200055.npy,1
20140501T132008.npy,2
20140911T142241.npy,1
20140911T143520.npy,1
20140509T091223.npy,3
20140509T091935.npy,3
20140515T133244.npy,4
20140522T142725.npy,3
20140522T143843.npy,3
20140522T145219.npy,3
20140522T152910.npy,2
20140523T072330.npy,1
20140605T122355.npy,1
20140605T122858.npy,1
20140605T123442.npy,1
20140603T195300.npy,4
20140605T152341.npy,4
20140606T073004.npy,2
20140606T073523.npy,2
20140606T102721.npy,4
20140606T104120.npy,4
20140610T142959.npy,3
20140610T143453.npy,3
20140610T144354.npy,3
20140610T145407.npy,3
20140612T142825.npy,1
20140612T143358.npy,1
20140613T102419.npy,4
20140613T103032.npy,4
20140613T103823.npy,4
20140613T104928.npy,4
20140619T132239.npy,4
20140619T133016.npy,4
20140619T133807.npy,4
20140620T091759.npy,1
20140620T092325.npy,1
20140620T093547.npy,1
20140620T094747.npy,1
20140623T122628.npy,5
20140623T142123.npy,2
20140623T142944.npy,2
20140624T114744.npy,1
20140624T115841.npy,1
20140624T120042.npy,1
20140626T121443.npy,4
20140626T122811.npy,4
20140626T132728.npy,2
20140626T132959.npy,2
20140626T142440.npy,1
20140626T142935.npy,1
20140626T143221.npy,1
20140627T074843.npy,3
20140627T075505.npy,3
20140707T125438.npy,5
20140710T140619.npy,1
20140710T141237.npy,1
20140722T104246.npy,1
20140724T141940.npy,3
20140724T142710.npy,3
20140724T153537.npy,1
20140725T075944.npy,3
20140725T081033.npy,3
20140725T081932.npy,3
20140729T123806.npy,5
20140729T124714.npy,5
20140729T151714.npy,3
20140729T152332.npy,3
20140729T153001.npy,3
20140729T153246.npy,3
20140730T201739.npy,2
20140730T203742.npy,2
20140801T104622.npy,4
20140801T105638.npy,4
20140801T111539.npy,4
20140801T112506.npy,4
20140805T074242.npy,4
20140805T075041.npy,4
20140805T075749.npy,4
20140805T080614.npy,4
20140805T081536.npy,4
20140807T170339.npy,3
20140807T172330.npy,3
20140808T073335.npy,6
20140808T104102.npy,3
20140808T110525.npy,3
20140811T140203.npy,2
20140811T142154.npy,2
20140812T084604.npy,3
20140812T091518.npy,3
20140814T140903.npy,4
20140814T142739.npy,4
20140814T150025.npy,2
20140814T153258.npy,2
20140814T154504.npy,2
20140814T155901.npy,2
20140815T072552.npy,4
20140815T083825.npy,3
20140815T084239.npy,3
20140815T084439.npy,3
20140815T085106.npy,3
20140815T085357.npy,3
20140815T094847.npy,3
20140815T100827.npy,3
20140815T101757.npy,3
20140818T165459.npy,2
20140818T165853.npy,2
20140818T170115.npy,2
20140818T171159.npy,2
20140821T143939.npy,2
20140821T144423.npy,2
20140821T165901.npy,3
20140822T084657.npy,4
20140822T090244.npy,4
20140822T090447.npy,4
20140822T091142.npy,4
20140822T092626.npy,4
20140822T093624.npy,4
20140822T094451.npy,4
20140822T102429.npy,5
20140825T171638.npy,5
20140825T172941.npy,5
20140825T173527.npy,5
20140826T092928.npy,4
20140826T093625.npy,4
20140826T094745.npy,4
20140826T095251.npy,4
20140826T095640.npy,4
20140826T100111.npy,4
20140828T150205.npy,3
20140828T151332.npy,3
20140828T152109.npy,3
20140828T152645.npy,3
20140828T153137.npy,3
20140828T153357.npy,3
20140901T140017.npy,3
20140901T141349.npy,3
20140901T182827.npy,2
20140901T183350.npy,2
20140902T103634.npy,5
20140902T105305.npy,5
20140902T110459.npy,5
20140902T112517.npy,5
20140904T140015.npy,3
20140904T140511.npy,3
20140904T175012.npy,1
20140904T175901.npy,1
20140904T181303.npy,1
20140904T182047.npy,1
20140904T182752.npy,1
20140905T072833.npy,1
20140905T074007.npy,1
20140908T141817.npy,4
20140908T142642.npy,4
20140908T180457.npy,1
20140908T182238.npy,1
20140908T182557.npy,1
20140908T182840.npy,1
20140909T091343.npy,4
20140911T125553.npy,6
20140911T131124.npy,6
20140911T131948.npy,6
20140911T132240.npy,6
20140911T133027.npy,6
20140911T133327.npy,6
20140911T155034.npy,2
20140911T155732.npy,2
20140912T072519.npy,4
20140912T073153.npy,4
20140912T073542.npy,4
20140919T074103.npy,6
20140919T080547.npy,6
20140919T114018.npy,1
20140919T114651.npy,1
20140919T141412.npy,1
20140919T142249.npy,1
20140922T163003.npy,3
20140922T164152.npy,3
20140923T093134.npy,3
20140923T094535.npy,3
20140923T100222.npy,3
20140923T101149.npy,3
20140925T145701.npy,3
20140925T151049.npy,3
20140923T133332.npy,4
20140923T133701.npy,4
20140925T165721.npy,2
20140925T170931.npy,2
20140925T171216.npy,2
20140925T180953.npy,3
20140925T182330.npy,3
20140925T182610.npy,3
20140925T182709.npy,3
20140930T100439.npy,5
20141002T140503.npy,3
20141002T141725.npy,3
20141002T150943.npy,4
20141002T165557.npy,3
20141002T170743.npy,3
20141002T180538.npy,1
20141002T181026.npy,1
20141003T083224.npy,3
20141003T084734.npy,3
20141003T085220.npy,3
20141003T095332.npy,1
20141003T100534.npy,1
20141003T101637.npy,1
20141003T102907.npy,1
20141006T174506.npy,5
20141006T175312.npy,5
20141006T175453.npy,5
20141007T112302.npy,3
20141007T114420.npy,3
20141007T122140.npy,3
20141007T122631.npy,3
20141009T145453.npy,5
20141010T084829.npy,1
20141010T085442.npy,1
20141010T091006.npy,1
20141013T135104.npy,5
20141013T140547.npy,5
20141016T135441.npy,1
20141016T140930.npy,1
20141016T181002.npy,4
20141016T184402.npy,4
20141017T072624.npy,5
20141017T073247.npy,5
20141020T135011.npy,3
20141020T151106.npy,1
20141020T152355.npy,1
20141020T154954.npy,1
20141024T074231.npy,6
20141027T135052.npy,4
20141027T140057.npy,4
20141031T073444.npy,4
20141031T073748.npy,4
20141031T075147.npy,4
20141031T092953.npy,4
20141106T181533.npy,3
20141106T182124.npy,3
20141106T182907.npy,3
20141107T102725.npy,4
20141111T073313.npy,4
20141111T115001.npy,1
20141111T115723.npy,1
20141111T122029.npy,1
20141113T150123.npy,1
20141113T150840.npy,1
20141118T073316.npy,3
20141118T073731.npy,3
20141118T074645.npy,3
20141118T080013.npy,3
20141120T174257.npy,1
20141120T175659.npy,1
20141120T175857.npy,1
20141120T175955.npy,1
20141121T113041.npy,5
20141121T113439.npy,5
20141121T114122.npy,5
20141124T162154.npy,4
20141124T162441.npy,4
20141124T163430.npy,4
20141128T074951.npy,3
20141128T081542.npy,3
20141202T083201.npy,3
20141202T083632.npy,3
20141202T091903.npy,3
20141202T092708.npy,3
20141202T093907.npy,3
20141204T140329.npy,3
20141204T140731.npy,3
20141205T074532.npy,4
20141205T075628.npy,4
20141205T080641.npy,4
20141208T180913.npy,3
20141208T183257.npy,3
20150326T082641.npy,1
20150402T171016.npy,3
20150402T171510.npy,3
20150408T175440.npy,3
20140814T174215.npy,3
20140814T175257.npy,3
20140814T180152.npy,3
20140814T182504.npy,3
20140506T122120.npy,3
20140506T123351.npy,3
20140506T124405.npy,3
20140626T124515.npy,1
20140916T154804.npy,1
20140918T164657.npy,1
20140918T165648.npy,1
20140923T151545.npy,1
20140925T083206.npy,1
20140925T113016.npy,3
20140925T120926.npy,1
20141203T150026.npy,1
20141203T160321.npy,1
20150115T152721.npy,5
20150122T155921.npy,4
20150204T090902.npy,2
20150204T092428.npy,2
20150204T105329.npy,3
20150205T155950.npy,1
20150205T161244.npy,1
20150210T132555.npy,1
20150219T124113.npy,1
20150223T105910.npy,1
20150226T133340.npy,1
20150226T134106.npy,1
20150303T134203.npy,1
20150310T120115.npy,1
20150310T121326.npy,1
20150312T142834.npy,1
20150312T143944.npy,1
20150312T160840.npy,5
20150409T155915.npy,6
20150413T143152.npy,1
20150414T092041.npy,4
