filename,label
20101005T132240.npy,1
20101117T132240.npy,1
20120703T102550.npy,1
20120717T103748.npy,0
20120717T105021.npy,1
20120809T100115.npy,1
20120829T125604.npy,1
20121101T095248.npy,1
20121122T140316.npy,0
20121213T105755.npy,1
20130410T105446.npy,0
20130606T134651.npy,0
20130620T121501.npy,1
20130806T105329.npy,1
20130904T115007.npy,1
20130910T105157.npy,1
20130917T114750.npy,0
20130924T105459.npy,1
20130924T115413.npy,1
20130926T094605.npy,1
20131105T103758.npy,1
20131126T104419.npy,1
20131127T115511.npy,1
20140116T125000.npy,0
20140205T110432.npy,1
20110929T094056.npy,1
20111116T124303.npy,1
20120118T113903.npy,1
20120321T105315.npy,1
20120327T114407.npy,1
20120418T115008.npy,1
20120508T105413.npy,1
20140410T152849.npy,0
20140320T120724.npy,1
20140617T103150.npy,0
20140325T151745.npy,1
20140321T102945.npy,1
20140506T165539.npy,1
20140325T090726.npy,1
20140320T165100.npy,1
20140319T174655.npy,1
20160331T100329.npy,1
20140324T102916.npy,1
20160205T083943.npy,1
20140326T134215.npy,1
20160224T082034.npy,1
20140414T094847.npy,0
20140331T103844.npy,1
20140523T113613.npy,1
20140411T092355.npy,1
20140410T160801.npy,0
20160613T124827.npy,1
20151008T130905.npy,0
20140513T164936.npy,0
20140408T132129.npy,1
20140331T141326.npy,1
20140424T122129.npy,1
20140402T114108.npy,1
20140505T170702.npy,0
20140410T132547.npy,1
20140407T121948.npy,1
20140408T134950.npy,1
20160804T113749.npy,1
20140417T172925.npy,1
20140502T125436.npy,1
20140411T100434.npy,1
20140409T142458.npy,1
20140501T122450.npy,1
20140414T103836.npy,1
20150414T142027.npy,1
20140428T095137.npy,1
20150603T112148.npy,1
20140430T102654.npy,1
20140415T132354.npy,0
20140422T143448.npy,1
20160621T101438.npy,1
20150528T112418.npy,1
20150528T132552.npy,1
20140429T142750.npy,1
20150519T153202.npy,1
20150520T100309.npy,1
20140424T165440.npy,1
20150625T111628.npy,0
20160817T103839.npy,1
20150526T162626.npy,1
20150610T075705.npy,1
20150616T091801.npy,1
20150610T092125.npy,0
20150529T101931.npy,1
20150626T070808.npy,1
20140508T151620.npy,0
20150706T084232.npy,1
20150526T114627.npy,1
20150601T103754.npy,1
20150624T060429.npy,1
20150601T080909.npy,1
20150612T071711.npy,1
20140423T150216.npy,1
20150608T102006.npy,1
20150608T123745.npy,1
20150603T092634.npy,1
20150615T075854.npy,1
20140425T141056.npy,1
20150622T091634.npy,1
20150626T090156.npy,1
20150624T122619.npy,1
20150624T082254.npy,1
20150702T111854.npy,1
20150710T070953.npy,1
20150706T112911.npy,1
20150702T134211.npy,1
20140502T152941.npy,1
20150713T113223.npy,1
20150731T092120.npy,1
20150714T102217.npy,1
20150721T122748.npy,1
20150717T094852.npy,1
20150715T083242.npy,1
20140423T143432.npy,1
20150805T112728.npy,1
20150721T101541.npy,1
20150729T112740.npy,1
20150720T124409.npy,1
20150731T121928.npy,1
20150804T172156.npy,1
20150804T144820.npy,1
20150807T091758.npy,1
20150807T080140.npy,1
20150819T103316.npy,1
20140502T140340.npy,1
20150818T132547.npy,1
20150811T160202.npy,1
20150824T093306.npy,1
20140425T144045.npy,1
20150826T082130.npy,0
20150821T120535.npy,1
20150825T153659.npy,0
20150820T112021.npy,1
20140429T151750.npy,1
20140429T123631.npy,1
20150828T075554.npy,1
20150924T151448.npy,1
20140507T161143.npy,1
20140505T105216.npy,0
20150831T095333.npy,1
20150901T112147.npy,1
20150918T131732.npy,1
20150924T174619.npy,1
20150917T112121.npy,1
20151005T111747.npy,1
20150928T111707.npy,1
20151030T070713.npy,1
20150924T132325.npy,1
20150922T144202.npy,1
20150929T111635.npy,0
20140508T171847.npy,1
20150928T092231.npy,1
20151015T110523.npy,1
20151016T093716.npy,1
20151019T114036.npy,1
20140507T082128.npy,1
20140507T084740.npy,1
20151117T144318.npy,1
20140507T130001.npy,1
20140526T090221.npy,1
20140502T094221.npy,1
20140508T111604.npy,1
20140506T121830.npy,1
20151013T135931.npy,1
20140505T130512.npy,1
20140521T125436.npy,1
20140509T125542.npy,1
20140520T171938.npy,1
20150609T112725.npy,1
20140529T142305.npy,0
20140520T142822.npy,1
20151210T100713.npy,1
20151215T091841.npy,1
20140522T111841.npy,1
20151112T100926.npy,1
20140523T081906.npy,1
20151204T102312.npy,1
20151118T090102.npy,1
20151203T091529.npy,1
20151120T102345.npy,1
20151123T115331.npy,1
20151202T102216.npy,1
20151211T074844.npy,1
20151223T072214.npy,1
20151217T101459.npy,1
20151214T075414.npy,0
20151216T084135.npy,1
20160218T173208.npy,1
20160112T105530.npy,1
20160118T110701.npy,0
20160129T082342.npy,1
20140527T132042.npy,1
20160212T091055.npy,1
20140528T131608.npy,1
20160209T151924.npy,1
20160209T124451.npy,1
20160620T123207.npy,1
20160229T101606.npy,1
20160216T155824.npy,1
20160226T120637.npy,1
20160218T124822.npy,1
20140617T172249.npy,1
20160302T073338.npy,1
20160301T104445.npy,1
20160309T072116.npy,1
20160304T092216.npy,1
20160307T142055.npy,0
20160225T113023.npy,1
20160302T110016.npy,1
20160303T164616.npy,1
20140627T083517.npy,1
20160307T170325.npy,0
20160303T105848.npy,1
20160318T105251.npy,1
20160308T142708.npy,1
20160315T144405.npy,1
20160309T112336.npy,1
20140609T100957.npy,1
20160310T095120.npy,1
20140609T131824.npy,1
20140610T153442.npy,0
20140610T180034.npy,0
20140626T181312.npy,1
20140616T083413.npy,1
20140610T165940.npy,1
20140610T132217.npy,1
20160310T122256.npy,1
20160310T175247.npy,0
20160317T164826.npy,1
20140627T123320.npy,1
20160317T092651.npy,1
20140619T122217.npy,1
20160406T081551.npy,1
20140826T182611.npy,1
20140611T132739.npy,1
20140613T133306.npy,1
20160321T094723.npy,1
20140613T123421.npy,1
20140620T102438.npy,1
20151021T122049.npy,1
20140618T090450.npy,0
20140709T181124.npy,1
20140623T101906.npy,1
20140708T140042.npy,1
20141008T143405.npy,1
20140708T160318.npy,1
20140707T124250.npy,1
20140722T160425.npy,1
20140711T132117.npy,1
20140711T132738.npy,1
20140710T122731.npy,1
20140721T141620.npy,1
20140711T115919.npy,1
20151123T100829.npy,1
20140709T132954.npy,1
20140711T100822.npy,1
20140717T121825.npy,0
20140801T111628.npy,1
20140717T131626.npy,1
20141216T113526.npy,1
20140715T173237.npy,0
20140730T112427.npy,1
20140724T120551.npy,1
20140724T180753.npy,1
20140725T112233.npy,1
20140725T120803.npy,1
20140724T131630.npy,1
20140728T145327.npy,1
20140730T142527.npy,1
20141003T131843.npy,1
20140806T143446.npy,1
20140808T133934.npy,1
20140811T103911.npy,1
20140811T092128.npy,1
20140807T162452.npy,1
20140827T083313.npy,1
20140811T113558.npy,1
20140812T132840.npy,1
20140826T131327.npy,1
20140826T153159.npy,1
20140827T105828.npy,1
20140820T102603.npy,1
20140908T102249.npy,1
20140829T121033.npy,0
20140829T082004.npy,1
20140905T123236.npy,1
20140902T123744.npy,1
20140903T081950.npy,1
20140924T083757.npy,1
20140902T142642.npy,1
20140905T090455.npy,1
20140904T134522.npy,1
20140922T090859.npy,1
20140911T161344.npy,1
20140919T092236.npy,1
20140909T131445.npy,1
20140911T124433.npy,1
20141017T084824.npy,1
20141009T143929.npy,1
20141009T151540.npy,1
20140929T083205.npy,0
20140930T113802.npy,1
20140917T082501.npy,1
20141024T122317.npy,1
20140923T132428.npy,1
20141020T091721.npy,1
20140926T120850.npy,1
20141211T152154.npy,0
20140929T121054.npy,1
20140925T152959.npy,1
20141104T112255.npy,1
20141007T133533.npy,1
20141016T130410.npy,1
20141015T082806.npy,1
20141023T161018.npy,0
20141107T082230.npy,1
20141023T131944.npy,0
20141024T082606.npy,1
20141030T122215.npy,1
20141027T081906.npy,1
20141113T113252.npy,0
20151113T071450.npy,0
20150626T132727.npy,1
20141106T153435.npy,0
20141120T153123.npy,0
20141128T111903.npy,1
20141112T125732.npy,0
20141121T102855.npy,0
20141119T101159.npy,1
20141124T132020.npy,1
20141203T085921.npy,0
20141209T155137.npy,1
20141128T104605.npy,1
20141202T162630.npy,1
20141208T114428.npy,1
20141210T100847.npy,1
20141211T082143.npy,0
20150109T093119.npy,1
20150106T141812.npy,1
20150109T113242.npy,0
20150121T083748.npy,1
20150107T122719.npy,1
20150108T152304.npy,1
20150119T121446.npy,1
20150108T173503.npy,1
20150105T113101.npy,1
20150108T142425.npy,1
20150105T122324.npy,1
20150107T101129.npy,1
20150112T103718.npy,1
20150121T101527.npy,1
20150114T081238.npy,1
20150123T122244.npy,1
20150115T112404.npy,1
20150122T153656.npy,1
20150113T142656.npy,1
20150123T102444.npy,1
20150121T123243.npy,1
20150122T130620.npy,1
20150717T071104.npy,1
20160106T102414.npy,1
20160418T075008.npy,1
20150414T112139.npy,1
20160315T182043.npy,1
20150410T090148.npy,1
20150409T123643.npy,1
20151019T082249.npy,1
20150324T122732.npy,1
20150416T111609.npy,0
20150416T091150.npy,1
20150406T172327.npy,1
20150326T111335.npy,1
20150327T120735.npy,1
20150323T124703.npy,1
20150415T102613.npy,1
20150324T133503.npy,1
20150330T121659.npy,1
20150408T095819.npy,1
20150415T142058.npy,1
20150408T110027.npy,1
20150413T152937.npy,1
20150417T123551.npy,1
20150325T121118.npy,0
20150417T175008.npy,1
20150421T130126.npy,1
20150422T125627.npy,1
20150424T140430.npy,1
20150423T130549.npy,1
20150608T172200.npy,1
20150529T152639.npy,1
20160105T153029.npy,1
20150616T122952.npy,0
20150608T185312.npy,1
20150612T153933.npy,1
20150618T170456.npy,1
20150626T191613.npy,1
20150908T162808.npy,1
20150706T172411.npy,1
20150708T180246.npy,1
20150904T111625.npy,1
20150828T101809.npy,1
20150909T091820.npy,1
20150903T120650.npy,1
20150910T162640.npy,1
20150909T123533.npy,0
20150914T071302.npy,0
20150911T123759.npy,1
20150910T130050.npy,1
20150916T071325.npy,1
20151022T163941.npy,1
20151001T163320.npy,1
20151008T153149.npy,1
20151013T175306.npy,1
20150930T122429.npy,1
20151009T112346.npy,1
20151015T145950.npy,1
20151102T104806.npy,0
20151030T124911.npy,1
20160524T194026.npy,1
20151109T151743.npy,0
20151123T071013.npy,0
20151117T164016.npy,1
20151117T141147.npy,1
20151124T144544.npy,1
20151125T083738.npy,1
20151123T162047.npy,1
20151123T131322.npy,1
20160422T103021.npy,1
20160415T083628.npy,1
20160422T071609.npy,1
20160425T111718.npy,1
20151005T082136.npy,1
20151027T094517.npy,1
20151204T073048.npy,1
20160630T093006.npy,0
20151230T155626.npy,1
20160118T173819.npy,1
20160114T163647.npy,1
20160118T153804.npy,1
20160118T142324.npy,1
20160205T140155.npy,1
20160323T074829.npy,1
20160331T143607.npy,1
20160329T104745.npy,1
20160404T123213.npy,1
20160406T095931.npy,0
20160407T172420.npy,1
20160412T152735.npy,1
20160401T111151.npy,1
20160405T152749.npy,1
20160407T190128.npy,1
20160504T074716.npy,1
20160414T155914.npy,1
20160711T074731.npy,1
20160421T094826.npy,1
20160419T110046.npy,1
20160502T100559.npy,1
20160511T103159.npy,1
20160427T112723.npy,1
20160722T071834.npy,1
20160808T093047.npy,1
20160707T091803.npy,0
20160509T120608.npy,1
20160516T100125.npy,1
20160519T173056.npy,1
20160524T145340.npy,1
20160607T163432.npy,1
20160610T082651.npy,1
20160607T142131.npy,1
20160519T112942.npy,0
20160614T142504.npy,1
20160622T111611.npy,0
20160705T143119.npy,1
20160705T144122.npy,1
20160614T185119.npy,1
20160705T154202.npy,1
20160705T172906.npy,1
20160711T093242.npy,1
20160713T112455.npy,1
20160707T141914.npy,1
20160707T110008.npy,1
20160714T103033.npy,1
20160720T103416.npy,1
20160712T152506.npy,1
20160712T154357.npy,1
20160718T112126.npy,1
20160816T122433.npy,1
20160721T174534.npy,1
20160721T154828.npy,1
20160721T155558.npy,1
20160719T150442.npy,1
20160728T111809.npy,1
20160818T142701.npy,1
20160815T071824.npy,1
20140710T144230.npy,0
20160318T094852.npy,1
20160318T101819.npy,1
20160401T092414.npy,1
20160513T114502.npy,1
20160408T094419.npy,1
20160506T082521.npy,1
20150223T102329.npy,1
20150223T121812.npy,1
20150223T122851.npy,1
20150223T124419.npy,1
20150223T112223.npy,1
20150223T115235.npy,1
20150224T105659.npy,1
20150224T124351.npy,1
20150225T104053.npy,1
20150225T115932.npy,1
20150227T102554.npy,1
20150227T115716.npy,1
20150227T113928.npy,1
20150227T122548.npy,1
20150227T112556.npy,1
20150227T123934.npy,1
20150302T111626.npy,1
20150302T114656.npy,1
20150302T104440.npy,1
20150302T121641.npy,1
20150302T102856.npy,1
20150302T121839.npy,1
20150303T101353.npy,1
20150303T103113.npy,1
20150303T101317.npy,1
20150303T125529.npy,1
20150303T114033.npy,1
20150303T124854.npy,1
20150304T104531.npy,1
20150304T124053.npy,1
20150305T122054.npy,1
20150305T123638.npy,1
20150306T112947.npy,1
20150306T114332.npy,1
20150307T122632.npy,1
20150307T124422.npy,1
20150307T111046.npy,1
20150307T124751.npy,1
20150307T103752.npy,1
20150307T123857.npy,1
20150309T103548.npy,1
20150309T114151.npy,1
20150313T114240.npy,1
20150313T121750.npy,1
20100112T133843.npy,1
20100113T105201.npy,1
20100113T143058.npy,1
20100114T110507.npy,1
20100119T113302.npy,1
20100119T133144.npy,1
20100120T100603.npy,1
20100121T134222.npy,1
20100126T111932.npy,1
20100126T134455.npy,1
20100128T112525.npy,1
20100128T132456.npy,1
20100202T111940.npy,1
20100203T142442.npy,1
20100204T113612.npy,1
20100204T133352.npy,1
20100203T153154.npy,0
20100209T131512.npy,1
20100210T153746.npy,1
20100302T130945.npy,1
20100303T154707.npy,1
20100309T115620.npy,1
20100309T133425.npy,1
20100311T113644.npy,1
20100316T120358.npy,1
20100323T124009.npy,1
20100325T115434.npy,1
20100325T134642.npy,1
20100330T103733.npy,1
20100330T115513.npy,1
20100331T134836.npy,1
20100401T112843.npy,1
20100401T124211.npy,1
20100407T132607.npy,1
20100407T142656.npy,0
20100406T190307.npy,1
20100408T114952.npy,1
20100413T131053.npy,1
20100414T133349.npy,1
20100414T150414.npy,1
20100415T113221.npy,1
20100415T124244.npy,1
20100420T125050.npy,1
20100421T135243.npy,1
20100428T134048.npy,1
20100504T163237.npy,1
20100513T131825.npy,1
20100511T124955.npy,1
20100511T164135.npy,1
20100512T105756.npy,1
20100518T104809.npy,1
20100519T102419.npy,1
20100519T142610.npy,1
20100601T125917.npy,1
20100601T162620.npy,1
20100603T122148.npy,1
20100609T103613.npy,1
20100616T143735.npy,1
20100622T164448.npy,1
20100623T103916.npy,1
20100623T143842.npy,1
20100706T122658.npy,1
20100707T101801.npy,1
20100709T102958.npy,1
20100709T163106.npy,1
20100714T105521.npy,1
20100720T112600.npy,1
20100720T122354.npy,1
20100720T142658.npy,1
20100721T144606.npy,1
20100803T123638.npy,1
20100804T102658.npy,1
20100811T144836.npy,0
20100813T134802.npy,1
20100817T122540.npy,1
20100824T125355.npy,1
20100824T164805.npy,1
20100825T103301.npy,1
20111011T161808.npy,1
20120703T123327.npy,1
20100902T115915.npy,1
20100907T124516.npy,1
20100908T103200.npy,1
20100909T122109.npy,0
20100915T141550.npy,1
20100916T130600.npy,1
20100921T124042.npy,1
20100922T141634.npy,1
20100929T141810.npy,1
20101013T102136.npy,1
20101013T143503.npy,1
20101029T170533.npy,0
20110318T102303.npy,1
20110330T143854.npy,1
20110504T103140.npy,1
20110525T100937.npy,1
20110607T115724.npy,1
20110608T095604.npy,1
20110609T120348.npy,1
20110615T095827.npy,1
20110623T115935.npy,1
20110707T100632.npy,1
20110712T162914.npy,1
20110823T161003.npy,1
20110825T120730.npy,1
20110831T100936.npy,1
20110831T135958.npy,1
20110907T140937.npy,1
20110908T115624.npy,1
20110913T125909.npy,1
20110913T161805.npy,1
20110914T140313.npy,1
20110915T150109.npy,1
20110916T105103.npy,1
20110920T125352.npy,1
20110920T162652.npy,1
20110921T100443.npy,1
20110921T141851.npy,1
20110923T120752.npy,1
20110928T140135.npy,0
20110929T132032.npy,1
20111005T102153.npy,1
20111005T135812.npy,1
20111006T130519.npy,1
20111012T140221.npy,1
20111013T133315.npy,1
20111013T151522.npy,1
20111019T140906.npy,1
20111020T133225.npy,1
20111020T150405.npy,1
20111021T100701.npy,1
20111025T160736.npy,1
20111027T152622.npy,1
20111028T092506.npy,0
20111101T161543.npy,1
20111102T135604.npy,1
20111130T155941.npy,1
20111109T111049.npy,0
20111115T161737.npy,1
20111118T100337.npy,1
20111122T125653.npy,1
20111123T135934.npy,1
20111124T132808.npy,1
20111125T094910.npy,0
20111129T124958.npy,1
20111129T160851.npy,1
20111130T135514.npy,1
20111202T103040.npy,1
20111208T132352.npy,1
20111209T095632.npy,1
20111213T131036.npy,1
20111215T133111.npy,0
20111216T095736.npy,1
20120110T130407.npy,1
20120111T141041.npy,1
20120112T134313.npy,1
20120117T162803.npy,1
20120119T152401.npy,1
20120125T135750.npy,1
20120125T161749.npy,1
20120131T162449.npy,1
20120201T140906.npy,1
20120202T152543.npy,1
20120207T125731.npy,1
20120529T121459.npy,1
20120207T161729.npy,1
20120209T134118.npy,1
20120209T152227.npy,1
20120214T130750.npy,1
20120215T135512.npy,1
20120216T133730.npy,1
20120222T140239.npy,1
20120228T125140.npy,1
20120228T161636.npy,1
20120229T140249.npy,1
20120301T134101.npy,1
20120306T131347.npy,1
20120307T142457.npy,1
20120308T152420.npy,1
20120314T144959.npy,1
20120315T133207.npy,0
20120320T131345.npy,1
20120321T140421.npy,1
20120322T133657.npy,1
20120327T125906.npy,1
20120403T125612.npy,1
20120403T161705.npy,0
20120404T141152.npy,1
20120405T154554.npy,1
20120410T130851.npy,1
20120410T160837.npy,1
20120412T132315.npy,0
20120412T151555.npy,1
20120417T130227.npy,1
20120419T134524.npy,1
20120419T153205.npy,1
20120424T162921.npy,1
20120426T152128.npy,1
20120501T162139.npy,1
20120503T151112.npy,1
20120508T121300.npy,1
20120515T121730.npy,0
20120516T160209.npy,1
20120517T122105.npy,0
20120523T131548.npy,0
20120524T121710.npy,1
20120524T140348.npy,1
20120529T101438.npy,1
20120530T101842.npy,1
20120531T101952.npy,1
20120531T155441.npy,1
20120605T123432.npy,1
20120606T101145.npy,1
20120606T121413.npy,1
20120607T122411.npy,1
20120613T100331.npy,1
20120613T121129.npy,1
20120619T095306.npy,1
20120619T115552.npy,0
20120620T101120.npy,0
20120621T101728.npy,1
20120621T151224.npy,0
20120626T123258.npy,0
20120627T102557.npy,1
20120628T121250.npy,0
20120704T102438.npy,1
20120705T100952.npy,1
20120705T121637.npy,1
20120705T135933.npy,1
20120718T101406.npy,1
20120719T122431.npy,0
20120724T121934.npy,1
20120724T142911.npy,0
20120731T122100.npy,0
20120801T100450.npy,1
20120802T121220.npy,1
20120807T102241.npy,1
20120807T121158.npy,1
20131024T121547.npy,0
20120808T100519.npy,1
20120808T120743.npy,1
20120809T121851.npy,1
20120821T120917.npy,1
20120822T101219.npy,1
20120828T115340.npy,1
20120830T102351.npy,1
20120830T120730.npy,1
20120905T101928.npy,0
20120905T121611.npy,1
20120906T120315.npy,1
20120911T123510.npy,1
20120912T102217.npy,1
20120912T122218.npy,1
20120913T120801.npy,1
20120919T141154.npy,1
20120920T120448.npy,1
20120925T121007.npy,1
20120926T135641.npy,1
20121002T121423.npy,1
20121003T141622.npy,1
20121009T122727.npy,1
20121010T140900.npy,1
20121017T141819.npy,1
20121023T120206.npy,1
20121024T115711.npy,0
20121030T120417.npy,1
20121031T135920.npy,1
20121101T121553.npy,1
20121106T120534.npy,1
20121107T141945.npy,0
20121108T121726.npy,1
20121114T121824.npy,1
20121114T141940.npy,1
20121115T123038.npy,1
20121121T141755.npy,1
20121122T121853.npy,1
20121128T141239.npy,1
20121129T122108.npy,1
20121204T100136.npy,1
20121204T122054.npy,1
20121205T140318.npy,1
20121206T115424.npy,1
20121211T122019.npy,1
20121212T120832.npy,1
20121212T135538.npy,1
20121213T120614.npy,1
20130108T121053.npy,1
20130109T101215.npy,1
20130109T124550.npy,1
20130110T123124.npy,1
20130115T122830.npy,1
20130116T100941.npy,1
20130117T100723.npy,0
20130117T122500.npy,1
20130131T121512.npy,1
20130206T102614.npy,1
20130207T121707.npy,1
20130208T131334.npy,1
20130212T102056.npy,0
20130212T121615.npy,1
20130213T100703.npy,1
20130214T121133.npy,1
20130219T123250.npy,1
20130227T101208.npy,1
20130228T122004.npy,1
20130305T122849.npy,1
20130306T100909.npy,1
20130307T121445.npy,1
20130313T100636.npy,1
20130327T101922.npy,0
20130403T102257.npy,0
20130404T101951.npy,1
20130404T121829.npy,1
20130409T123236.npy,0
20130410T101817.npy,1
20130416T120045.npy,1
20130417T100009.npy,1
20130423T122719.npy,1
20130424T100337.npy,1
20130501T102404.npy,1
20130507T101748.npy,1
20130507T122909.npy,1
20130508T100835.npy,1
20130514T122110.npy,1
20130515T100146.npy,0
20130516T101137.npy,0
20130516T121812.npy,1
20130522T100450.npy,1
20130528T121714.npy,1
20130529T095812.npy,1
20130530T122700.npy,1
20130605T095648.npy,1
20130605T123420.npy,1
20130605T130556.npy,1
20130606T111357.npy,1
20130611T121923.npy,1
20130612T100941.npy,1
20130612T121812.npy,1
20130613T120934.npy,1
20130619T101217.npy,1
20130619T121352.npy,1
20130702T121648.npy,1
20130703T140412.npy,1
20130703T104353.npy,1
20130709T141424.npy,0
20130710T100938.npy,1
20130710T142116.npy,1
20130716T120453.npy,1
20130716T135633.npy,1
20130717T140336.npy,1
20130723T121717.npy,1
20130723T141326.npy,1
20130724T100547.npy,1
20130724T120715.npy,1
20130724T141839.npy,1
20130730T121004.npy,1
20130730T140252.npy,1
20130731T101415.npy,1
20130806T120648.npy,1
20130806T135833.npy,1
20130820T111420.npy,1
20130821T101350.npy,1
20130821T130214.npy,1
20130827T120109.npy,1
20130828T132305.npy,1
20130911T100907.npy,1
20130912T120244.npy,1
20130918T100833.npy,1
20131001T120943.npy,1
20131017T121017.npy,1
20131024T100106.npy,1
20131106T100209.npy,1
20131107T120055.npy,1
20131113T095521.npy,1
20131114T114938.npy,0
20131119T120230.npy,1
20131203T115047.npy,1
20131211T101057.npy,1
20131212T120110.npy,0
20131217T121111.npy,1
20140109T100556.npy,1
20140114T095645.npy,1
20140123T121447.npy,1
20140128T122537.npy,1
20140129T095816.npy,1
20140129T120553.npy,1
20140211T125515.npy,1
20140212T121714.npy,1
20140213T095332.npy,1
20140219T120958.npy,0
20140220T095500.npy,1
20140220T120614.npy,1
20140227T100115.npy,1
20131018T161835.npy,1
20131216T124348.npy,1
20131021T121338.npy,1
20131216T124337.npy,1
20131021T121809.npy,1
20131216T104827.npy,1
20131021T134652.npy,1
20131220T121236.npy,1
20131025T102131.npy,1
20131220T125744.npy,1
20131118T125822.npy,1
20131122T112511.npy,1
20140113T122637.npy,1
20131118T113720.npy,1
20140113T111530.npy,1
20140313T102229.npy,1
20131118T115147.npy,1
20140113T102855.npy,1
20131125T112338.npy,1
20131125T103244.npy,1
20140123T113539.npy,1
20131202T104935.npy,1
20140131T125235.npy,1
20131202T124525.npy,1
20140127T102630.npy,1
20131209T105512.npy,1
20140203T115251.npy,1
20131212T105940.npy,1
20140207T111644.npy,1
20131214T105724.npy,1
20140214T102121.npy,1
20131216T112534.npy,1
20140203T122437.npy,1
20130106T115158.npy,1
20140303T121919.npy,1
20140110T122252.npy,1
20140307T115814.npy,1
20140120T112313.npy,1
20140320T125054.npy,1
20140120T121647.npy,1
20140320T114047.npy,1
20140127T101838.npy,1
20140404T124430.npy,1
20140203T113713.npy,1
20140402T112427.npy,1
20140210T103716.npy,1
20140214T115842.npy,1
20140411T102616.npy,1
20140214T115557.npy,1
20140217T125325.npy,1
20140412T112658.npy,1
20140219T104029.npy,1
20140430T123650.npy,1
20140224T113933.npy,1
20140226T124548.npy,1
20140424T114813.npy,1
20140304T101838.npy,1
20140310T103444.npy,1
20140507T105627.npy,1
20140310T103958.npy,1
20140314T113558.npy,1
20140526T112537.npy,1
20140310T123729.npy,1
20140512T101023.npy,1
20140313T103852.npy,1
20140521T112027.npy,1
20140314T113330.npy,1
20140326T115317.npy,1
20140318T113043.npy,1
20140407T123240.npy,1
20140613T111834.npy,1
20140409T113413.npy,1
20140609T102528.npy,1
20140423T125432.npy,1
20140623T115633.npy,1
20140430T105028.npy,1
20140509T102512.npy,1
20140707T105123.npy,1
20140507T114716.npy,1
20140709T114246.npy,1
20140509T124752.npy,1
20140709T114038.npy,1
20140512T115731.npy,1
20140514T104844.npy,1
20140708T105340.npy,1
20140516T101340.npy,1
20140714T125149.npy,1
20100708T115327.npy,1
20110120T125851.npy,1
20110131T133609.npy,1
20110204T134750.npy,1
20110218T140024.npy,1
20110418T111558.npy,1
20110428T112229.npy,1
20110420T150241.npy,1
20110504T151300.npy,1
20110513T152349.npy,1
20110520T153349.npy,1
20110525T154339.npy,1
20110603T155329.npy,1
20110613T160203.npy,1
20110617T161156.npy,1
20110617T162318.npy,1
20110623T000000.npy,1
20110715T000000.npy,1
20110720T000000.npy,1
20110805T000000.npy,1
20110907T000000.npy,1
20110909T000000.npy,1
20110919T000000.npy,1
20111024T154631.npy,1
20120417T155427.npy,1
20140924T101144.npy,1
20140929T102709.npy,0
20141004T131858.npy,1
20141004T140053.npy,0
20141004T150904.npy,0
20141004T153651.npy,0
20141013T134957.npy,1
20141022T115803.npy,0
20141022T122626.npy,0
20141022T150535.npy,0
20141103T162715.npy,0
20160317T132258.npy,0
20160317T133131.npy,0
20141110T165330.npy,0
20141112T195323.npy,0
20141115T142709.npy,0
20141118T181554.npy,0
20141118T185554.npy,0
20141205T180940.npy,0
20141205T192807.npy,0
20150121T090923.npy,0
20150402T122006.npy,1
20150410T165127.npy,0
20150411T122355.npy,0
20150413T130202.npy,0
20150416T180621.npy,0
20150430T141737.npy,0
20150512T070637.npy,0
20150530T134336.npy,1
20150608T153054.npy,0
20150611T112033.npy,1
20150921T132732.npy,0
20151029T135520.npy,0
20151102T152457.npy,0
20151103T143343.npy,0
20151008T094601.npy,0
20150324T154709.npy,0
20090831T121758.npy,1
20090831T125516.npy,0
20090923T123450.npy,1
20090925T124114.npy,1
20091019T103155.npy,1
20091019T103757.npy,1
20091023T094712.npy,0
20091023T125742.npy,1
20091029T105256.npy,1
20091030T103155.npy,0
20091030T124747.npy,1
20091104T114218.npy,1
20091104T121123.npy,1
20091105T102540.npy,1
20091106T122557.npy,1
20091109T103129.npy,1
20091110T124919.npy,1
20091112T113242.npy,1
20091118T123028.npy,0
20091120T124218.npy,1
20091120T103457.npy,1
20091124T113921.npy,1
20091127T122235.npy,1
20091127T125457.npy,1
20091130T111617.npy,1
20091130T105222.npy,1
20110611T122256.npy,1
20091202T111922.npy,1
20091016T113327.npy,1
20100106T123937.npy,1
20100107T122447.npy,1
20100108T122938.npy,1
20100112T101236.npy,1
20100114T125616.npy,1
20100115T113310.npy,1
20100121T111849.npy,1
20100128T103618.npy,1
20100202T125516.npy,1
20100205T125516.npy,1
20100211T102155.npy,1
20100217T105136.npy,1
20100223T121332.npy,1
20100304T105810.npy,1
20100308T125053.npy,1
20100318T102922.npy,1
20100326T103132.npy,1
20100330T102317.npy,1
20100408T105338.npy,1
20100409T111752.npy,1
20100414T112735.npy,1
20100415T111321.npy,1
20100419T101921.npy,1
20100426T123434.npy,1
20100427T115528.npy,1
20100427T104929.npy,1
20100510T103014.npy,1
20100512T105757.npy,1
20100525T111221.npy,1
20100527T115110.npy,1
20100531T101842.npy,1
20100607T124232.npy,1
20100607T112447.npy,1
20100617T104419.npy,1
20100628T114149.npy,1
20100712T105648.npy,1
20100805T125516.npy,1
20100828T125516.npy,1
20100827T113132.npy,1
20100830T103535.npy,1
20100910T124942.npy,1
20101105T115036.npy,1
20101108T115653.npy,1
20101122T114139.npy,1
20110126T102533.npy,1
20110128T105219.npy,1
20110211T125516.npy,1
20110304T112556.npy,1
20110415T111955.npy,1
20110429T123115.npy,1
20110429T103039.npy,1
20110509T101524.npy,1
20110524T103135.npy,1
20110622T102350.npy,1
20110715T105036.npy,1
20131030T105542.npy,0
20140114T102842.npy,0
20140121T121158.npy,0
20140204T122805.npy,0
20140218T205559.npy,0
20140410T104156.npy,1
20140410T123653.npy,1
20140414T112328.npy,1
20140327T122329.npy,1
20140122T141232.npy,1
20140513T103045.npy,1
20140715T103944.npy,1
20140226T135150.npy,1
20131023T131940.npy,1
20131212T115310.npy,1
20131205T115621.npy,1
20131017T153201.npy,0
20131113T145345.npy,1
20131219T132659.npy,1
20140115T104320.npy,1
20140604T103043.npy,1
20140131T112238.npy,1
20140909T122732.npy,1
20131121T113712.npy,1
20131127T114711.npy,1
20131113T114529.npy,1
20131024T142945.npy,1
20140108T160859.npy,1
20131121T114030.npy,1
20131211T115922.npy,1
20131219T133149.npy,1
20150106T112118.npy,1
20150106T115434.npy,0
20150109T101434.npy,0
20150109T123728.npy,0
20150219T114141.npy,1
20150107T111448.npy,1
20150107T123528.npy,0
20150218T103016.npy,1
20150218T111918.npy,1
20150108T124115.npy,1
20150109T105445.npy,0
20150109T112850.npy,0
20150219T122052.npy,1
20150115T123423.npy,1
20150120T123734.npy,0
20150119T105843.npy,1
20150305T111523.npy,1
20150305T123514.npy,1
20150224T123817.npy,1
20150410T112839.npy,1
20150410T114736.npy,1
20150306T123531.npy,1
20150306T123947.npy,1
20150420T111629.npy,1
20150420T123541.npy,1
20150113T103816.npy,1
20150116T124256.npy,0
20150302T104240.npy,1
20150302T122627.npy,1
20150119T112445.npy,1
20150123T103450.npy,1
20150306T113447.npy,1
20150122T102937.npy,1
20150304T103335.npy,1
20150304T105148.npy,1
20140429T115237.npy,1
20140327T114331.npy,1
20131128T114357.npy,1
20131212T120224.npy,1
20140729T104118.npy,1
20140116T134100.npy,1
20140213T134151.npy,1
20140130T111841.npy,1
20140205T155036.npy,1
20141007T115552.npy,1
20131205T120514.npy,1
20131030T133506.npy,1
20140319T132315.npy,1
20131120T113331.npy,1
20140528T113245.npy,1
20140521T122220.npy,1
20140527T101236.npy,1
20140610T105648.npy,0
20140716T114655.npy,1
20140805T112258.npy,1
20150126T114716.npy,1
20150130T123151.npy,0
20150213T104456.npy,1
20150213T115124.npy,1
20150217T102813.npy,0
20150217T115819.npy,0
20150331T103419.npy,0
20150331T112912.npy,0
20150225T115350.npy,1
20150226T124236.npy,1
20150410T113710.npy,1
20150217T112032.npy,1
20150330T104322.npy,0
20150330T122959.npy,0
20150309T105958.npy,1
20150311T124643.npy,0
20150422T125519.npy,1
20150310T115910.npy,1
20150310T123753.npy,1
20150311T113155.npy,1
20150311T125220.npy,1
20150318T111949.npy,1
20150318T112238.npy,1
20150508T114722.npy,1
20150508T122332.npy,1
20150319T101428.npy,1
20150320T113930.npy,1
20150320T121022.npy,1
20150507T114013.npy,1
20150507T121147.npy,1
20150323T104919.npy,1
20140730T101539.npy,1
20140212T153950.npy,1
20140312T133204.npy,1
20131120T145714.npy,1
20131211T120756.npy,1
20131114T115010.npy,1
20140527T115011.npy,1
20140520T102821.npy,1
20140521T122653.npy,1
20140715T102512.npy,1
20140716T103732.npy,1
20140722T125531.npy,1
20140826T112634.npy,0
20140826T121231.npy,1
20140805T112250.npy,1
20140903T124215.npy,1
20140722T114059.npy,1
20140116T134441.npy,1
20140227T135901.npy,1
20150323T113413.npy,1
20150323T124819.npy,1
20150504T102452.npy,1
20150504T115028.npy,1
20150326T105039.npy,1
20150402T114858.npy,1
20150402T123438.npy,1
20150514T121553.npy,1
20150514T122844.npy,1
20150514T125254.npy,1
20150407T103250.npy,1
20150522T112739.npy,1
20150522T121222.npy,1
20150413T103030.npy,1
20150413T121615.npy,1
20150525T101518.npy,1
20150525T105632.npy,1
20150421T111141.npy,1
20150602T113354.npy,1
20150505T103120.npy,1
20150505T123951.npy,1
20150618T114252.npy,1
20150618T124451.npy,1
20150521T105529.npy,1
20150521T115214.npy,1
20150525T115631.npy,1
20150707T103146.npy,1
20150604T125219.npy,1
20150716T102049.npy,1
20140826T102627.npy,1
20140827T111012.npy,1
20140827T122518.npy,1
20140903T102833.npy,1
20140910T115917.npy,0
20140910T124033.npy,1
20140723T114526.npy,1
20141029T123440.npy,0
20141029T125836.npy,1
20150618T112840.npy,1
20150729T122534.npy,1
20150623T102832.npy,1
20150623T105728.npy,1
20150804T103412.npy,1
20150804T123837.npy,1
20150702T101032.npy,1
20150702T103331.npy,1
20150813T102154.npy,1
20150813T115014.npy,1
20150703T105219.npy,1
20150703T122046.npy,1
20150703T101213.npy,1
20150814T125912.npy,1
20150720T103331.npy,1
20150720T122423.npy,1
20150831T114149.npy,1
20150831T123919.npy,1
20150708T103935.npy,1
20150708T105318.npy,1
20150828T113857.npy,1
20150828T124714.npy,1
20150714T102947.npy,1
20150714T114012.npy,1
20150831T105713.npy,1
20150831T105728.npy,1
20150709T105844.npy,1
20150709T121517.npy,1
20150820T114429.npy,1
20150820T125739.npy,1
20150710T115955.npy,1
20150710T101122.npy,1
20150710T115932.npy,1
20150824T111811.npy,1
20150824T115049.npy,1
20150713T121332.npy,1
20150713T124758.npy,1
20150902T102434.npy,1
20150902T122011.npy,1
20150713T121044.npy,1
20150713T122755.npy,1
20150824T103439.npy,1
20150824T114059.npy,1
20150714T111927.npy,1
20150902T121737.npy,1
20150715T101747.npy,1
20150827T123335.npy,1
20150716T105224.npy,1
20150826T112845.npy,1
20150814T105614.npy,1
20150814T113938.npy,1
20150929T103530.npy,1
20150929T115847.npy,1
20140924T101638.npy,1
20140924T114656.npy,1
20140916T112720.npy,1
20140916T123814.npy,1
20141029T102131.npy,1
20141029T104428.npy,1
20140923T114227.npy,1
20141027T101815.npy,1
20141028T105514.npy,1
20141028T105643.npy,1
20141105T102629.npy,1
20141105T113633.npy,1
20141021T101313.npy,1
20141021T124220.npy,1
20141022T113010.npy,1
20141022T124831.npy,1
20141022T105245.npy,1
20141022T121414.npy,1
20141105T104336.npy,1
20141105T124958.npy,1
20141030T104329.npy,1
20141030T113612.npy,1
20141105T101050.npy,1
20141105T104751.npy,1
20141110T101055.npy,1
20141110T124644.npy,1
20141105T111834.npy,1
20141104T102637.npy,1
20141104T125647.npy,1
20160229T102427.npy,1
20160307T104630.npy,1
20160307T104430.npy,1
20160314T122858.npy,1
20160310T123556.npy,1
20160317T124459.npy,1
20160322T105330.npy,1
20160329T121819.npy,1
20160324T104017.npy,1
20160331T114134.npy,1
20160324T114646.npy,1
20160331T113446.npy,1
20160330T123035.npy,1
20160406T101922.npy,1
20160405T101635.npy,1
20160412T121345.npy,1
20160414T123749.npy,1
20160421T114145.npy,1
20160419T112544.npy,1
20160426T111225.npy,1
20160422T124126.npy,1
20160429T104438.npy,1
20160425T105521.npy,1
20160502T101632.npy,1
20160812T122556.npy,1
20160812T111715.npy,1
20140903T122318.npy,1
20140903T131235.npy,1
20140903T141045.npy,1
20141029T124412.npy,1
20141029T132614.npy,1
20141029T150204.npy,1
20141119T135650.npy,1
20141119T143240.npy,1
20150408T124114.npy,1
20150408T131907.npy,1
20150408T135330.npy,1
20150408T142547.npy,1
20150708T122241.npy,1
20150708T131459.npy,1
20150708T134613.npy,1
20150708T140738.npy,1
20150708T142945.npy,1
20151014T125851.npy,1
20151014T133011.npy,1
20151118T131059.npy,1
20151118T133202.npy,1
20151118T135152.npy,1
20160113T131546.npy,1
20160113T135113.npy,1
20160113T143225.npy,1
20160113T150447.npy,1
20160302T124523.npy,1
20160302T135222.npy,1
20160302T142728.npy,1
20160511T132959.npy,1
20160511T141942.npy,1
20160511T144240.npy,1
20160608T124606.npy,1
20160608T134036.npy,1
20160608T140228.npy,1
20160608T150547.npy,1
20120522T121758.npy,0
20120524T105624.npy,0
20120528T103155.npy,0
20120605T115027.npy,0
20120605T124837.npy,0
20120628T105640.npy,0
20120629T105939.npy,0
20120703T115439.npy,0
20120704T124114.npy,0
20120704T103757.npy,0
20120706T121758.npy,0
20120706T123450.npy,0
20120706T103155.npy,0
20120709T125516.npy,0
20120709T124114.npy,0
20120710T121758.npy,0
20120710T123450.npy,0
20120711T125516.npy,0
20120712T124114.npy,0
20120712T125516.npy,0
20120712T125426.npy,0
20120713T103757.npy,0
20120713T115124.npy,0
20120713T105012.npy,0
20120716T124952.npy,0
20120716T121617.npy,0
20120717T113655.npy,0
20120718T115628.npy,0
20120718T122757.npy,0
20120720T121842.npy,0
20120720T104243.npy,0
20120720T125030.npy,0
20120723T105258.npy,0
20120723T113156.npy,0
20120724T112231.npy,0
20120724T101730.npy,0
20120725T121344.npy,0
20120726T104016.npy,0
20120727T113555.npy,0
20120727T112730.npy,0
20120727T111113.npy,0
20120801T104753.npy,0
20120802T121849.npy,0
20120802T112422.npy,0
20120803T102446.npy,0
20120806T101348.npy,0
20120809T113547.npy,0
20120809T102334.npy,0
20120821T104617.npy,0
20090527T000000.npy,0
20090617T131821.npy,0
20090623T202557.npy,1
20090706T111152.npy,1
20090709T124813.npy,0
20090720T194329.npy,1
20090831T235549.npy,1
20090901T112326.npy,0
20090903T103129.npy,1
20090909T201123.npy,0
20090910T202557.npy,0
20090914T123454.npy,0
20090917T214919.npy,0
20090918T173242.npy,0
20090922T184139.npy,1
20090928T153921.npy,0
20090929T204723.npy,0
20091001T124813.npy,1
20091002T232447.npy,0
20091005T113457.npy,0
20091005T204218.npy,0
20091006T225516.npy,0
20091008T205457.npy,0
20091013T234114.npy,0
20091016T124813.npy,0
20091016T121655.npy,1
20091022T151849.npy,1
20091023T105256.npy,0
20091026T204747.npy,0
20091026T154218.npy,1
20091027T234114.npy,0
20091030T143757.npy,0
20091102T192342.npy,1
20091201T122317.npy,1
20100125T112155.npy,1
20100130T001332.npy,1
20100204T125857.npy,0
20100219T125136.npy,1
20100317T115810.npy,1
20100323T215053.npy,1
20100412T112922.npy,1
20100413T222256.npy,0
20100416T223155.npy,1
20100423T125338.npy,1
20100519T212938.npy,0
20100608T151922.npy,0
20100610T115338.npy,1
20100614T193327.npy,0
20100621T111921.npy,1
20100629T001758.npy,1
20100708T152242.npy,1
20100809T194812.npy,1
20100813T182735.npy,1
20110920T105857.npy,1
20111021T115017.npy,1
20110117T123155.npy,0
20110203T124211.npy,1
20110209T125643.npy,1
20110210T124729.npy,1
20110211T111845.npy,1
20110214T102312.npy,1
20110216T105144.npy,1
20110222T105711.npy,1
20110304T112948.npy,1
20110309T121934.npy,1
20110328T232447.npy,0
20110406T114245.npy,1
20110408T122343.npy,1
20110411T111815.npy,1
20110413T115727.npy,1
20110427T112147.npy,1
20110506T103544.npy,1
20110511T125737.npy,1
20110511T101722.npy,1
20110516T122250.npy,1
20110525T105627.npy,1
20110527T215616.npy,0
20110530T102240.npy,1
20110530T122235.npy,1
20110601T112751.npy,1
20110606T113755.npy,1
20110613T104747.npy,1
20110621T003450.npy,0
20110629T204732.npy,0
20110713T113813.npy,1
20111103T103648.npy,1
20120119T122851.npy,1
20120404T125517.npy,1
20120711T101620.npy,1
20120717T093512.npy,1
20120802T113946.npy,1
20121107T101238.npy,1
20131119T094246.npy,1
20130509T083545.npy,0
20130516T134625.npy,0
20130523T140923.npy,0
20130523T141414.npy,0
20130524T141959.npy,0
20130529T142832.npy,0
20130530T143549.npy,0
20130531T144834.npy,0
20130405T115201.npy,0
20130405T120217.npy,0
20130405T120734.npy,0
20130405T121413.npy,0
20130405T132934.npy,0
20130405T133552.npy,0
20130405T134134.npy,0
20130405T134548.npy,0
20130405T135400.npy,0
20130405T135841.npy,0
20130405T140547.npy,0
20130405T141125.npy,0
20130408T153032.npy,0
20130410T180523.npy,0
20130412T090512.npy,0
20130422T194836.npy,0
20130424T172536.npy,0
20130426T082536.npy,0
20130503T081921.npy,0
20130508T140527.npy,0
20130513T141144.npy,0
20130515T141731.npy,0
20140604T101137.npy,0
20130517T142448.npy,0
20130529T104848.npy,0
20131018T080742.npy,0
20131209T183928.npy,0
20130531T134905.npy,0
20130603T182448.npy,0
20130603T204932.npy,0
20140116T200752.npy,0
20130605T144236.npy,0
20130610T145145.npy,0
20130703T154317.npy,0
20130703T154932.npy,0
20130703T155446.npy,0
20130703T160016.npy,0
20130704T135711.npy,0
20140123T194318.npy,0
20140407T204431.npy,0
20130704T140229.npy,0
20130704T153020.npy,0
20130705T120654.npy,0
20130705T122344.npy,0
20130708T181629.npy,0
20130731T140334.npy,1
20130708T202112.npy,0
20130710T180415.npy,0
20130926T194003.npy,1
20130710T192433.npy,0
20130711T114924.npy,0
20130715T180741.npy,0
20130716T180318.npy,0
20130722T175650.npy,0
20130815T121828.npy,0
20140120T201230.npy,0
20130815T120052.npy,0
20130820T151927.npy,0
20130821T145102.npy,0
20130821T145556.npy,0
20130909T154743.npy,0
20131017T200422.npy,0
20131128T180018.npy,0
20130909T195442.npy,0
20140213T202554.npy,0
20130912T133649.npy,0
20130912T134339.npy,0
20140127T120236.npy,0
20130913T140414.npy,0
20130916T153538.npy,0
20130919T182103.npy,0
20130920T194003.npy,0
20130930T194003.npy,0
20141003T114930.npy,0
20131021T195445.npy,0
20131025T085316.npy,0
20131031T204101.npy,0
20131114T211456.npy,0
20131118T193003.npy,0
20131125T201210.npy,0
20140424T114753.npy,1
20140127T204514.npy,0
20140417T125955.npy,0
20140404T124857.npy,0
20140411T111543.npy,0
20140425T112621.npy,0
20140428T103257.npy,0
20140428T105643.npy,0
20140425T101716.npy,0
20140512T114142.npy,0
20140520T125452.npy,0
20140606T115631.npy,0
20140505T112413.npy,0
20140512T122045.npy,0
20141110T104729.npy,1
20140508T101457.npy,0
20140530T112130.npy,0
20140513T114441.npy,0
20140602T102343.npy,0
20140609T123854.npy,0
20140602T105322.npy,0
20140606T121315.npy,0
20140610T115941.npy,0
20140826T123047.npy,0
20141104T103350.npy,1
20121129T000000.npy,0
20121129T111111.npy,0
20121130T000000.npy,0
20121204T000000.npy,0
20121206T000000.npy,0
20121206T111111.npy,0
20121210T000000.npy,0
20121210T111111.npy,0
20121210T222222.npy,0
20121211T000000.npy,0
20121211T111111.npy,0
20121214T000000.npy,0
20130215T100621.npy,0
20130215T103749.npy,0
20120515T161512.npy,0
20120514T135837.npy,0
20120514T141411.npy,0
20120514T142126.npy,0
20120518T094409.npy,0
20120518T095151.npy,0
20120523T093836.npy,0
20120523T120712.npy,0
20120523T121253.npy,0
20120524T093827.npy,0
20120524T131220.npy,0
20120526T094432.npy,0
20120526T094911.npy,0
20120526T095428.npy,0
20120526T100029.npy,0
20120526T100715.npy,0
20120526T101122.npy,0
20120526T101603.npy,0
20120526T102024.npy,0
20120526T102409.npy,0
20120526T102742.npy,0
20120526T103114.npy,0
20120526T103516.npy,0
20120529T121913.npy,0
20120529T122440.npy,0
20120607T144722.npy,0
20120614T110218.npy,0
20120614T110728.npy,0
20120614T111227.npy,0
20170601T122715.npy,1
20170606T122535.npy,1
20170606T111214.npy,1
20170611T125834.npy,1
20170614T111028.npy,1
20170615T103940.npy,1
20170615T101131.npy,1
20170618T104348.npy,1
20170620T112349.npy,1
20170620T102452.npy,1
20170620T104444.npy,1
20170620T121949.npy,1
20170621T103712.npy,1
20170627T123036.npy,1
20170627T102523.npy,1
20170629T104814.npy,1
20140204T123534.npy,1
20140624T122928.npy,1
20140624T123935.npy,1
20140624T124151.npy,1
20140624T153457.npy,1
20140923T104514.npy,1
20140923T110207.npy,1
20140923T111701.npy,1
20140923T114408.npy,1
20140923T120201.npy,1
20140331T144934.npy,1
20140328T072208.npy,1
20140328T084140.npy,1
20140330T220853.npy,0
20140404T072348.npy,0
20140401T132454.npy,1
20140401T143934.npy,1
20140401T145332.npy,1
20140401T152927.npy,1
20140403T153144.npy,1
20140404T081003.npy,1
20140404T092611.npy,1
20140407T112057.npy,0
20140407T122603.npy,1
20140408T121412.npy,1
20140408T132740.npy,1
20140414T142528.npy,1
20140414T151859.npy,1
20140415T132359.npy,0
20140414T121747.npy,0
20140415T153634.npy,1
20140417T141711.npy,1
20140417T152324.npy,1
20140422T122714.npy,1
20140422T151521.npy,1
20140424T121901.npy,1
20140501T142737.npy,1
20140502T073048.npy,1
20140502T081954.npy,1
20140502T102703.npy,1
20140505T122503.npy,1
20141003T072230.npy,1
20141003T073707.npy,1
20141014T071919.npy,0
20141014T073401.npy,0
20140505T142419.npy,1
20140508T200055.npy,0
20140501T132008.npy,1
20140911T142241.npy,0
20140509T091223.npy,1
20140515T133244.npy,1
20140522T142725.npy,1
20140522T143843.npy,1
20140522T145219.npy,1
20140522T152910.npy,1
20140523T072330.npy,0
20140605T122355.npy,0
20140603T195300.npy,1
20140605T152341.npy,1
20140606T073004.npy,1
20140606T102721.npy,1
20140610T142959.npy,1
20140612T142825.npy,0
20140613T102419.npy,1
20140619T132239.npy,1
20140620T091759.npy,0
20140623T122628.npy,1
20140623T142123.npy,1
20140624T114744.npy,0
20140624T115841.npy,0
20140624T120042.npy,0
20140626T121443.npy,1
20140626T122811.npy,1
20140626T142440.npy,0
20140627T074843.npy,1
20140707T124009.npy,1
20140707T124340.npy,1
20140707T125438.npy,1
20140710T140619.npy,0
20140722T104246.npy,0
20140724T142710.npy,1
20140724T153537.npy,0
20140725T075944.npy,1
20140725T081932.npy,1
20140729T123806.npy,1
20140729T124714.npy,1
20140729T151714.npy,1
20140729T153001.npy,1
20140730T201739.npy,1
20140730T203742.npy,1
20140801T104622.npy,1
20140801T105638.npy,1
20140801T111539.npy,1
20140801T112506.npy,1
20140805T074242.npy,1
20140805T075749.npy,1
20140805T080614.npy,1
20140805T081536.npy,1
20140807T170339.npy,1
20140807T172330.npy,1
20140808T073335.npy,1
20140808T104102.npy,1
20140808T110525.npy,1
20140811T140203.npy,1
20140811T142154.npy,1
20140811T181804.npy,1
20140811T182830.npy,1
20140812T084604.npy,1
20140812T091518.npy,1
20140814T140903.npy,1
20140814T142739.npy,1
20140814T150025.npy,1
20140814T153258.npy,1
20140814T155901.npy,1
20140814T163743.npy,1
20140814T164804.npy,1
20140815T072552.npy,1
20140815T083825.npy,1
20140815T085106.npy,1
20140815T094847.npy,1
20140815T100827.npy,1
20140815T101757.npy,1
20140818T165459.npy,1
20140818T171159.npy,1
20140821T143939.npy,1
20140821T165901.npy,1
20140822T084657.npy,1
20140822T090244.npy,1
20140822T091142.npy,1
20140822T092626.npy,1
20140822T093624.npy,1
20140822T094451.npy,1
20140822T102429.npy,1
20140825T171638.npy,1
20140825T173527.npy,1
20140826T092928.npy,1
20140826T093625.npy,1
20140826T094745.npy,1
20140826T095251.npy,1
20140826T100111.npy,1
20140828T150205.npy,1
20140828T152109.npy,1
20140828T153137.npy,1
20140901T140017.npy,1
20140901T141349.npy,1
20140901T182827.npy,1
20140902T103634.npy,1
20140902T110459.npy,1
20140902T112517.npy,1
20140904T140015.npy,1
20140904T175012.npy,0
20140904T181303.npy,0
20140904T182047.npy,0
20140904T182752.npy,0
20140905T072833.npy,0
20140905T074007.npy,0
20140908T141817.npy,1
20140908T142642.npy,1
20140908T180457.npy,0
20140908T182238.npy,0
20140909T091343.npy,1
20140911T125553.npy,1
20140911T131948.npy,1
20140911T133027.npy,1
20140911T155034.npy,1
20140911T155732.npy,1
20140912T072519.npy,1
20140919T074103.npy,1
20140919T080547.npy,1
20140919T114018.npy,0
20140922T163003.npy,1
20140922T164152.npy,1
20140923T093134.npy,1
20140923T094535.npy,1
20140923T100222.npy,1
20140923T101149.npy,1
20140925T145701.npy,1
20140925T151049.npy,1
20140923T133332.npy,1
20140925T165721.npy,1
20140925T170931.npy,1
20140925T182330.npy,1
20140930T093824.npy,1
20140930T100439.npy,1
20140930T101052.npy,1
20141002T140503.npy,1
20141002T141725.npy,1
20141002T150943.npy,1
20141002T165557.npy,1
20141002T170743.npy,1
20141002T180538.npy,0
20141003T083224.npy,1
20141003T084734.npy,1
20141003T085220.npy,1
20141003T095332.npy,0
20141003T100534.npy,0
20141003T101637.npy,0
20141003T102907.npy,0
20141006T174506.npy,1
20141006T175312.npy,1
20141007T112302.npy,1
20141007T114420.npy,1
20141007T122140.npy,1
20141009T145453.npy,1
20141010T084829.npy,0
20141010T085442.npy,0
20141010T091006.npy,0
20141013T135104.npy,1
20141013T140547.npy,1
20141016T135441.npy,0
20141016T140930.npy,0
20141016T180050.npy,1
20141016T181002.npy,1
20141016T182330.npy,1
20141017T072624.npy,1
20141020T151106.npy,0
20141024T074231.npy,1
20141024T080318.npy,1
20141027T135052.npy,1
20141027T140057.npy,1
20141031T073444.npy,1
20141031T075147.npy,1
20141031T092953.npy,1
20141106T181533.npy,1
20141106T182907.npy,1
20141107T102725.npy,1
20141111T073313.npy,1
20141111T115001.npy,0
20141111T115723.npy,0
20141111T122029.npy,0
20141113T150123.npy,0
20141113T150840.npy,0
20141118T073316.npy,1
20141120T174257.npy,0
20141120T175659.npy,0
20141121T113041.npy,1
20141121T114122.npy,1
20141124T162154.npy,1
20141124T163430.npy,1
20141125T104945.npy,0
20141125T105906.npy,0
20141128T074951.npy,1
20141202T083201.npy,1
20141202T092708.npy,1
20141202T093907.npy,1
20141204T140329.npy,1
20141205T074532.npy,1
20141205T075628.npy,1
20141205T080641.npy,1
20141208T180913.npy,1
20141208T183257.npy,1
20140814T174215.npy,1
20140814T180152.npy,1
20140814T182504.npy,1
20140506T122120.npy,1
20140626T124515.npy,0
20140916T154804.npy,0
20140918T164657.npy,0
20140923T151545.npy,0
20140925T083206.npy,0
20140925T113016.npy,1
20140925T120926.npy,0
20141203T150026.npy,0
20141203T160321.npy,0
20150115T152721.npy,1
20150122T155921.npy,1
20150204T090902.npy,1
20150204T105329.npy,1
20150205T155950.npy,0
20150210T132555.npy,0
20150219T124113.npy,0
20150226T133340.npy,0
20150303T132534.npy,0
20150310T120115.npy,0
20150312T142834.npy,0
20150312T160840.npy,1
20150313T121744.npy,0
20150313T122356.npy,0
20150409T155915.npy,1
20150413T143152.npy,0
